Line, Node 1, Node 2, Start X, Start Y, Start Z, End X, End Y, End Z
1, 1, 5, 0.0, 0.0, 0.0, 0.0, 0.0, 5.0
2, 2, 6, 6.0, 0.0, 0.0, 6.0, 0.0, 5.0
3, 3, 7, 12.0, 0.0, 0.0, 12.0, 0.0, 5.0
4, 4, 8, 18.0, 0.0, 0.0, 18.0, 0.0, 5.0
5, 9, 5, 0.0, 8.0, 5.0, 0.0, 0.0, 5.0
6, 6, 10, 6.0, 0.0, 5.0, 6.0, 8.0, 5.0
7, 7, 11, 12.0, 0.0, 5.0, 12.0, 8.0, 5.0
8, 8, 12, 18.0, 0.0, 5.0, 18.0, 8.0, 5.0
9, 13, 9, 0.0, 8.0, 0.0, 0.0, 8.0, 5.0
10, 15, 10, 6.0, 8.0, 0.0, 6.0, 8.0, 5.0
11, 17, 11, 12.0, 8.0, 0.0, 12.0, 8.0, 5.0
12, 19, 12, 18.0, 8.0, 0.0, 18.0, 8.0, 5.0
13, 21, 22, 0.0, 16.0, 0.0, 0.0, 16.0, 5.0
14, 23, 24, 6.0, 16.0, 0.0, 6.0, 16.0, 5.0
15, 25, 26, 12.0, 16.0, 0.0, 12.0, 16.0, 5.0
16, 27, 28, 18.0, 16.0, 0.0, 18.0, 16.0, 5.0
17, 29, 30, 0.0, 24.0, 0.0, 0.0, 24.0, 5.0
18, 31, 32, 6.0, 24.0, 0.0, 6.0, 24.0, 5.0
19, 33, 34, 12.0, 24.0, 0.0, 12.0, 24.0, 5.0
20, 35, 36, 18.0, 24.0, 0.0, 18.0, 24.0, 5.0
21, 37, 38, 0.0, 32.0, 0.0, 0.0, 32.0, 5.0
22, 39, 40, 6.0, 32.0, 0.0, 6.0, 32.0, 5.0
23, 41, 42, 12.0, 32.0, 0.0, 12.0, 32.0, 5.0
24, 43, 44, 18.0, 32.0, 0.0, 18.0, 32.0, 5.0
29, 22, 9, 0.0, 16.0, 5.0, 0.0, 8.0, 5.0
30, 10, 24, 6.0, 8.0, 5.0, 6.0, 16.0, 5.0
31, 11, 26, 12.0, 8.0, 5.0, 12.0, 16.0, 5.0
32, 12, 28, 18.0, 8.0, 5.0, 18.0, 16.0, 5.0
33, 30, 22, 0.0, 24.0, 5.0, 0.0, 16.0, 5.0
34, 24, 32, 6.0, 16.0, 5.0, 6.0, 24.0, 5.0
35, 26, 34, 12.0, 16.0, 5.0, 12.0, 24.0, 5.0
36, 28, 36, 18.0, 16.0, 5.0, 18.0, 24.0, 5.0
37, 38, 30, 0.0, 32.0, 5.0, 0.0, 24.0, 5.0
38, 32, 40, 6.0, 24.0, 5.0, 6.0, 32.0, 5.0
39, 34, 42, 12.0, 24.0, 5.0, 12.0, 32.0, 5.0
40, 36, 44, 18.0, 24.0, 5.0, 18.0, 32.0, 5.0
41, 45, 46, 3.0, 0.0, 5.0, 3.0, 8.0, 5.0
42, 47, 48, 9.0, 0.0, 5.0, 9.0, 8.0, 5.0
43, 49, 50, 15.0, 0.0, 5.0, 15.0, 8.0, 5.0
44, 46, 51, 3.0, 8.0, 5.0, 3.0, 16.0, 5.0
45, 48, 52, 9.0, 8.0, 5.0, 9.0, 16.0, 5.0
46, 50, 53, 15.0, 8.0, 5.0, 15.0, 16.0, 5.0
47, 51, 54, 3.0, 16.0, 5.0, 3.0, 24.0, 5.0
48, 52, 55, 9.0, 16.0, 5.0, 9.0, 24.0, 5.0
49, 53, 56, 15.0, 16.0, 5.0, 15.0, 24.0, 5.0
50, 54, 57, 3.0, 24.0, 5.0, 3.0, 32.0, 5.0
51, 55, 58, 9.0, 24.0, 5.0, 9.0, 32.0, 5.0
52, 56, 59, 15.0, 24.0, 5.0, 15.0, 32.0, 5.0
53, 5, 45, 0.0, 0.0, 5.0, 3.0, 0.0, 5.0
54, 45, 6, 3.0, 0.0, 5.0, 6.0, 0.0, 5.0
55, 6, 47, 6.0, 0.0, 5.0, 9.0, 0.0, 5.0
56, 47, 7, 9.0, 0.0, 5.0, 12.0, 0.0, 5.0
57, 7, 49, 12.0, 0.0, 5.0, 15.0, 0.0, 5.0
58, 49, 8, 15.0, 0.0, 5.0, 18.0, 0.0, 5.0
59, 46, 9, 3.0, 8.0, 5.0, 0.0, 8.0, 5.0
62, 46, 10, 3.0, 8.0, 5.0, 6.0, 8.0, 5.0
66, 10, 48, 6.0, 8.0, 5.0, 9.0, 8.0, 5.0
70, 48, 11, 9.0, 8.0, 5.0, 12.0, 8.0, 5.0
74, 11, 50, 12.0, 8.0, 5.0, 15.0, 8.0, 5.0
78, 50, 12, 15.0, 8.0, 5.0, 18.0, 8.0, 5.0
81, 22, 51, 0.0, 16.0, 5.0, 3.0, 16.0, 5.0
84, 51, 24, 3.0, 16.0, 5.0, 6.0, 16.0, 5.0
87, 24, 52, 6.0, 16.0, 5.0, 9.0, 16.0, 5.0
90, 52, 26, 9.0, 16.0, 5.0, 12.0, 16.0, 5.0
93, 26, 53, 12.0, 16.0, 5.0, 15.0, 16.0, 5.0
96, 53, 28, 15.0, 16.0, 5.0, 18.0, 16.0, 5.0
100, 30, 54, 0.0, 24.0, 5.0, 3.0, 24.0, 5.0
103, 54, 32, 3.0, 24.0, 5.0, 6.0, 24.0, 5.0
106, 32, 55, 6.0, 24.0, 5.0, 9.0, 24.0, 5.0
109, 55, 34, 9.0, 24.0, 5.0, 12.0, 24.0, 5.0
112, 34, 56, 12.0, 24.0, 5.0, 15.0, 24.0, 5.0
115, 56, 36, 15.0, 24.0, 5.0, 18.0, 24.0, 5.0
119, 38, 57, 0.0, 32.0, 5.0, 3.0, 32.0, 5.0
122, 57, 40, 3.0, 32.0, 5.0, 6.0, 32.0, 5.0
125, 40, 58, 6.0, 32.0, 5.0, 9.0, 32.0, 5.0
128, 58, 42, 9.0, 32.0, 5.0, 12.0, 32.0, 5.0
131, 42, 59, 12.0, 32.0, 5.0, 15.0, 32.0, 5.0
134, 59, 44, 15.0, 32.0, 5.0, 18.0, 32.0, 5.0
135, 5, 61, 0.0, 0.0, 5.0, 0.0, 0.0, 9.0
136, 6, 63, 6.0, 0.0, 5.0, 6.0, 0.0, 9.0
137, 7, 65, 12.0, 0.0, 5.0, 12.0, 0.0, 9.0
138, 8, 67, 18.0, 0.0, 5.0, 18.0, 0.0, 9.0
139, 9, 69, 0.0, 8.0, 5.0, 0.0, 8.0, 9.0
140, 10, 71, 6.0, 8.0, 5.0, 6.0, 8.0, 9.0
141, 11, 73, 12.0, 8.0, 5.0, 12.0, 8.0, 9.0
142, 12, 75, 18.0, 8.0, 5.0, 18.0, 8.0, 9.0
143, 22, 77, 0.0, 16.0, 5.0, 0.0, 16.0, 9.0
144, 24, 79, 6.0, 16.0, 5.0, 6.0, 16.0, 9.0
145, 26, 81, 12.0, 16.0, 5.0, 12.0, 16.0, 9.0
146, 28, 83, 18.0, 16.0, 5.0, 18.0, 16.0, 9.0
147, 30, 85, 0.0, 24.0, 5.0, 0.0, 24.0, 9.0
148, 32, 87, 6.0, 24.0, 5.0, 6.0, 24.0, 9.0
149, 34, 89, 12.0, 24.0, 5.0, 12.0, 24.0, 9.0
150, 36, 91, 18.0, 24.0, 5.0, 18.0, 24.0, 9.0
151, 38, 93, 0.0, 32.0, 5.0, 0.0, 32.0, 9.0
152, 40, 95, 6.0, 32.0, 5.0, 6.0, 32.0, 9.0
153, 42, 97, 12.0, 32.0, 5.0, 12.0, 32.0, 9.0
154, 44, 99, 18.0, 32.0, 5.0, 18.0, 32.0, 9.0
155, 61, 100, 0.0, 0.0, 9.0, 3.0, 0.0, 9.0
156, 61, 69, 0.0, 0.0, 9.0, 0.0, 8.0, 9.0
157, 69, 101, 0.0, 8.0, 9.0, 3.0, 8.0, 9.0
158, 100, 101, 3.0, 0.0, 9.0, 3.0, 8.0, 9.0
159, 63, 100, 6.0, 0.0, 9.0, 3.0, 0.0, 9.0
160, 101, 71, 3.0, 8.0, 9.0, 6.0, 8.0, 9.0
161, 63, 71, 6.0, 0.0, 9.0, 6.0, 8.0, 9.0
162, 63, 102, 6.0, 0.0, 9.0, 9.0, 0.0, 9.0
163, 71, 103, 6.0, 8.0, 9.0, 9.0, 8.0, 9.0
164, 102, 103, 9.0, 0.0, 9.0, 9.0, 8.0, 9.0
165, 65, 102, 12.0, 0.0, 9.0, 9.0, 0.0, 9.0
166, 103, 73, 9.0, 8.0, 9.0, 12.0, 8.0, 9.0
167, 65, 73, 12.0, 0.0, 9.0, 12.0, 8.0, 9.0
168, 65, 104, 12.0, 0.0, 9.0, 15.0, 0.0, 9.0
169, 73, 105, 12.0, 8.0, 9.0, 15.0, 8.0, 9.0
170, 104, 105, 15.0, 0.0, 9.0, 15.0, 8.0, 9.0
171, 67, 104, 18.0, 0.0, 9.0, 15.0, 0.0, 9.0
172, 105, 75, 15.0, 8.0, 9.0, 18.0, 8.0, 9.0
173, 67, 75, 18.0, 0.0, 9.0, 18.0, 8.0, 9.0
174, 69, 77, 0.0, 8.0, 9.0, 0.0, 16.0, 9.0
175, 77, 106, 0.0, 16.0, 9.0, 3.0, 16.0, 9.0
176, 101, 106, 3.0, 8.0, 9.0, 3.0, 16.0, 9.0
177, 106, 79, 3.0, 16.0, 9.0, 6.0, 16.0, 9.0
178, 71, 79, 6.0, 8.0, 9.0, 6.0, 16.0, 9.0
179, 79, 107, 6.0, 16.0, 9.0, 9.0, 16.0, 9.0
180, 103, 107, 9.0, 8.0, 9.0, 9.0, 16.0, 9.0
181, 107, 81, 9.0, 16.0, 9.0, 12.0, 16.0, 9.0
182, 73, 81, 12.0, 8.0, 9.0, 12.0, 16.0, 9.0
183, 81, 108, 12.0, 16.0, 9.0, 15.0, 16.0, 9.0
184, 105, 108, 15.0, 8.0, 9.0, 15.0, 16.0, 9.0
185, 108, 83, 15.0, 16.0, 9.0, 18.0, 16.0, 9.0
186, 75, 83, 18.0, 8.0, 9.0, 18.0, 16.0, 9.0
187, 77, 85, 0.0, 16.0, 9.0, 0.0, 24.0, 9.0
188, 85, 109, 0.0, 24.0, 9.0, 3.0, 24.0, 9.0
189, 106, 109, 3.0, 16.0, 9.0, 3.0, 24.0, 9.0
190, 109, 87, 3.0, 24.0, 9.0, 6.0, 24.0, 9.0
191, 79, 87, 6.0, 16.0, 9.0, 6.0, 24.0, 9.0
192, 87, 110, 6.0, 24.0, 9.0, 9.0, 24.0, 9.0
193, 107, 110, 9.0, 16.0, 9.0, 9.0, 24.0, 9.0
194, 110, 89, 9.0, 24.0, 9.0, 12.0, 24.0, 9.0
195, 81, 89, 12.0, 16.0, 9.0, 12.0, 24.0, 9.0
196, 89, 111, 12.0, 24.0, 9.0, 15.0, 24.0, 9.0
197, 108, 111, 15.0, 16.0, 9.0, 15.0, 24.0, 9.0
198, 111, 91, 15.0, 24.0, 9.0, 18.0, 24.0, 9.0
199, 83, 91, 18.0, 16.0, 9.0, 18.0, 24.0, 9.0
200, 85, 93, 0.0, 24.0, 9.0, 0.0, 32.0, 9.0
201, 93, 112, 0.0, 32.0, 9.0, 3.0, 32.0, 9.0
202, 109, 112, 3.0, 24.0, 9.0, 3.0, 32.0, 9.0
203, 112, 95, 3.0, 32.0, 9.0, 6.0, 32.0, 9.0
204, 87, 95, 6.0, 24.0, 9.0, 6.0, 32.0, 9.0
205, 95, 113, 6.0, 32.0, 9.0, 9.0, 32.0, 9.0
206, 110, 113, 9.0, 24.0, 9.0, 9.0, 32.0, 9.0
207, 113, 97, 9.0, 32.0, 9.0, 12.0, 32.0, 9.0
208, 89, 97, 12.0, 24.0, 9.0, 12.0, 32.0, 9.0
209, 97, 114, 12.0, 32.0, 9.0, 15.0, 32.0, 9.0
210, 111, 114, 15.0, 24.0, 9.0, 15.0, 32.0, 9.0
211, 114, 99, 15.0, 32.0, 9.0, 18.0, 32.0, 9.0
212, 91, 99, 18.0, 24.0, 9.0, 18.0, 32.0, 9.0
213, 61, 116, 0.0, 0.0, 9.0, 0.0, 0.0, 13.0
214, 63, 118, 6.0, 0.0, 9.0, 6.0, 0.0, 13.0
215, 65, 120, 12.0, 0.0, 9.0, 12.0, 0.0, 13.0
216, 67, 122, 18.0, 0.0, 9.0, 18.0, 0.0, 13.0
217, 69, 124, 0.0, 8.0, 9.0, 0.0, 8.0, 13.0
218, 71, 126, 6.0, 8.0, 9.0, 6.0, 8.0, 13.0
219, 73, 128, 12.0, 8.0, 9.0, 12.0, 8.0, 13.0
220, 75, 130, 18.0, 8.0, 9.0, 18.0, 8.0, 13.0
221, 77, 132, 0.0, 16.0, 9.0, 0.0, 16.0, 13.0
222, 79, 134, 6.0, 16.0, 9.0, 6.0, 16.0, 13.0
223, 81, 136, 12.0, 16.0, 9.0, 12.0, 16.0, 13.0
224, 83, 138, 18.0, 16.0, 9.0, 18.0, 16.0, 13.0
225, 85, 140, 0.0, 24.0, 9.0, 0.0, 24.0, 13.0
226, 87, 142, 6.0, 24.0, 9.0, 6.0, 24.0, 13.0
227, 89, 144, 12.0, 24.0, 9.0, 12.0, 24.0, 13.0
228, 91, 146, 18.0, 24.0, 9.0, 18.0, 24.0, 13.0
229, 93, 148, 0.0, 32.0, 9.0, 0.0, 32.0, 13.0
230, 95, 150, 6.0, 32.0, 9.0, 6.0, 32.0, 13.0
231, 97, 152, 12.0, 32.0, 9.0, 12.0, 32.0, 13.0
232, 99, 154, 18.0, 32.0, 9.0, 18.0, 32.0, 13.0
233, 116, 155, 0.0, 0.0, 13.0, 3.0, 0.0, 13.0
234, 116, 124, 0.0, 0.0, 13.0, 0.0, 8.0, 13.0
235, 124, 156, 0.0, 8.0, 13.0, 3.0, 8.0, 13.0
236, 155, 156, 3.0, 0.0, 13.0, 3.0, 8.0, 13.0
237, 118, 155, 6.0, 0.0, 13.0, 3.0, 0.0, 13.0
238, 156, 126, 3.0, 8.0, 13.0, 6.0, 8.0, 13.0
239, 118, 126, 6.0, 0.0, 13.0, 6.0, 8.0, 13.0
240, 118, 157, 6.0, 0.0, 13.0, 9.0, 0.0, 13.0
241, 126, 158, 6.0, 8.0, 13.0, 9.0, 8.0, 13.0
242, 157, 158, 9.0, 0.0, 13.0, 9.0, 8.0, 13.0
243, 120, 157, 12.0, 0.0, 13.0, 9.0, 0.0, 13.0
244, 158, 128, 9.0, 8.0, 13.0, 12.0, 8.0, 13.0
245, 120, 128, 12.0, 0.0, 13.0, 12.0, 8.0, 13.0
246, 120, 159, 12.0, 0.0, 13.0, 15.0, 0.0, 13.0
247, 128, 160, 12.0, 8.0, 13.0, 15.0, 8.0, 13.0
248, 159, 160, 15.0, 0.0, 13.0, 15.0, 8.0, 13.0
249, 122, 159, 18.0, 0.0, 13.0, 15.0, 0.0, 13.0
250, 160, 130, 15.0, 8.0, 13.0, 18.0, 8.0, 13.0
251, 122, 130, 18.0, 0.0, 13.0, 18.0, 8.0, 13.0
252, 124, 132, 0.0, 8.0, 13.0, 0.0, 16.0, 13.0
253, 132, 161, 0.0, 16.0, 13.0, 3.0, 16.0, 13.0
254, 156, 161, 3.0, 8.0, 13.0, 3.0, 16.0, 13.0
255, 161, 134, 3.0, 16.0, 13.0, 6.0, 16.0, 13.0
256, 126, 134, 6.0, 8.0, 13.0, 6.0, 16.0, 13.0
257, 134, 162, 6.0, 16.0, 13.0, 9.0, 16.0, 13.0
258, 158, 162, 9.0, 8.0, 13.0, 9.0, 16.0, 13.0
259, 162, 136, 9.0, 16.0, 13.0, 12.0, 16.0, 13.0
260, 128, 136, 12.0, 8.0, 13.0, 12.0, 16.0, 13.0
261, 136, 163, 12.0, 16.0, 13.0, 15.0, 16.0, 13.0
262, 160, 163, 15.0, 8.0, 13.0, 15.0, 16.0, 13.0
263, 163, 138, 15.0, 16.0, 13.0, 18.0, 16.0, 13.0
264, 130, 138, 18.0, 8.0, 13.0, 18.0, 16.0, 13.0
265, 132, 140, 0.0, 16.0, 13.0, 0.0, 24.0, 13.0
266, 140, 164, 0.0, 24.0, 13.0, 3.0, 24.0, 13.0
267, 161, 164, 3.0, 16.0, 13.0, 3.0, 24.0, 13.0
268, 164, 142, 3.0, 24.0, 13.0, 6.0, 24.0, 13.0
269, 134, 142, 6.0, 16.0, 13.0, 6.0, 24.0, 13.0
270, 142, 165, 6.0, 24.0, 13.0, 9.0, 24.0, 13.0
271, 162, 165, 9.0, 16.0, 13.0, 9.0, 24.0, 13.0
272, 165, 144, 9.0, 24.0, 13.0, 12.0, 24.0, 13.0
273, 136, 144, 12.0, 16.0, 13.0, 12.0, 24.0, 13.0
274, 144, 166, 12.0, 24.0, 13.0, 15.0, 24.0, 13.0
275, 163, 166, 15.0, 16.0, 13.0, 15.0, 24.0, 13.0
276, 166, 146, 15.0, 24.0, 13.0, 18.0, 24.0, 13.0
277, 138, 146, 18.0, 16.0, 13.0, 18.0, 24.0, 13.0
278, 140, 148, 0.0, 24.0, 13.0, 0.0, 32.0, 13.0
279, 148, 167, 0.0, 32.0, 13.0, 3.0, 32.0, 13.0
280, 164, 167, 3.0, 24.0, 13.0, 3.0, 32.0, 13.0
281, 167, 150, 3.0, 32.0, 13.0, 6.0, 32.0, 13.0
282, 142, 150, 6.0, 24.0, 13.0, 6.0, 32.0, 13.0
283, 150, 168, 6.0, 32.0, 13.0, 9.0, 32.0, 13.0
284, 165, 168, 9.0, 24.0, 13.0, 9.0, 32.0, 13.0
285, 168, 152, 9.0, 32.0, 13.0, 12.0, 32.0, 13.0
286, 144, 152, 12.0, 24.0, 13.0, 12.0, 32.0, 13.0
287, 152, 169, 12.0, 32.0, 13.0, 15.0, 32.0, 13.0
288, 166, 169, 15.0, 24.0, 13.0, 15.0, 32.0, 13.0
289, 169, 154, 15.0, 32.0, 13.0, 18.0, 32.0, 13.0
290, 146, 154, 18.0, 24.0, 13.0, 18.0, 32.0, 13.0
291, 116, 171, 0.0, 0.0, 13.0, 0.0, 0.0, 17.0
292, 118, 173, 6.0, 0.0, 13.0, 6.0, 0.0, 17.0
293, 120, 175, 12.0, 0.0, 13.0, 12.0, 0.0, 17.0
294, 122, 177, 18.0, 0.0, 13.0, 18.0, 0.0, 17.0
295, 124, 179, 0.0, 8.0, 13.0, 0.0, 8.0, 17.0
296, 126, 181, 6.0, 8.0, 13.0, 6.0, 8.0, 17.0
297, 128, 183, 12.0, 8.0, 13.0, 12.0, 8.0, 17.0
298, 130, 185, 18.0, 8.0, 13.0, 18.0, 8.0, 17.0
299, 132, 187, 0.0, 16.0, 13.0, 0.0, 16.0, 17.0
300, 134, 189, 6.0, 16.0, 13.0, 6.0, 16.0, 17.0
301, 136, 191, 12.0, 16.0, 13.0, 12.0, 16.0, 17.0
302, 138, 193, 18.0, 16.0, 13.0, 18.0, 16.0, 17.0
303, 140, 195, 0.0, 24.0, 13.0, 0.0, 24.0, 17.0
304, 142, 197, 6.0, 24.0, 13.0, 6.0, 24.0, 17.0
305, 144, 199, 12.0, 24.0, 13.0, 12.0, 24.0, 17.0
306, 146, 201, 18.0, 24.0, 13.0, 18.0, 24.0, 17.0
307, 148, 203, 0.0, 32.0, 13.0, 0.0, 32.0, 17.0
308, 150, 205, 6.0, 32.0, 13.0, 6.0, 32.0, 17.0
309, 152, 207, 12.0, 32.0, 13.0, 12.0, 32.0, 17.0
310, 154, 209, 18.0, 32.0, 13.0, 18.0, 32.0, 17.0
311, 171, 210, 0.0, 0.0, 17.0, 3.0, 0.0, 17.0
312, 171, 179, 0.0, 0.0, 17.0, 0.0, 8.0, 17.0
313, 179, 211, 0.0, 8.0, 17.0, 3.0, 8.0, 17.0
314, 210, 211, 3.0, 0.0, 17.0, 3.0, 8.0, 17.0
315, 173, 210, 6.0, 0.0, 17.0, 3.0, 0.0, 17.0
316, 211, 181, 3.0, 8.0, 17.0, 6.0, 8.0, 17.0
317, 173, 181, 6.0, 0.0, 17.0, 6.0, 8.0, 17.0
318, 173, 212, 6.0, 0.0, 17.0, 9.0, 0.0, 17.0
319, 181, 213, 6.0, 8.0, 17.0, 9.0, 8.0, 17.0
320, 212, 213, 9.0, 0.0, 17.0, 9.0, 8.0, 17.0
321, 175, 212, 12.0, 0.0, 17.0, 9.0, 0.0, 17.0
322, 213, 183, 9.0, 8.0, 17.0, 12.0, 8.0, 17.0
323, 175, 183, 12.0, 0.0, 17.0, 12.0, 8.0, 17.0
324, 175, 214, 12.0, 0.0, 17.0, 15.0, 0.0, 17.0
325, 183, 215, 12.0, 8.0, 17.0, 15.0, 8.0, 17.0
326, 214, 215, 15.0, 0.0, 17.0, 15.0, 8.0, 17.0
327, 177, 214, 18.0, 0.0, 17.0, 15.0, 0.0, 17.0
328, 215, 185, 15.0, 8.0, 17.0, 18.0, 8.0, 17.0
329, 177, 185, 18.0, 0.0, 17.0, 18.0, 8.0, 17.0
330, 179, 187, 0.0, 8.0, 17.0, 0.0, 16.0, 17.0
331, 187, 216, 0.0, 16.0, 17.0, 3.0, 16.0, 17.0
332, 211, 216, 3.0, 8.0, 17.0, 3.0, 16.0, 17.0
333, 216, 189, 3.0, 16.0, 17.0, 6.0, 16.0, 17.0
334, 181, 189, 6.0, 8.0, 17.0, 6.0, 16.0, 17.0
335, 189, 217, 6.0, 16.0, 17.0, 9.0, 16.0, 17.0
336, 213, 217, 9.0, 8.0, 17.0, 9.0, 16.0, 17.0
337, 217, 191, 9.0, 16.0, 17.0, 12.0, 16.0, 17.0
338, 183, 191, 12.0, 8.0, 17.0, 12.0, 16.0, 17.0
339, 191, 218, 12.0, 16.0, 17.0, 15.0, 16.0, 17.0
340, 215, 218, 15.0, 8.0, 17.0, 15.0, 16.0, 17.0
341, 218, 193, 15.0, 16.0, 17.0, 18.0, 16.0, 17.0
342, 185, 193, 18.0, 8.0, 17.0, 18.0, 16.0, 17.0
343, 187, 195, 0.0, 16.0, 17.0, 0.0, 24.0, 17.0
344, 195, 219, 0.0, 24.0, 17.0, 3.0, 24.0, 17.0
345, 216, 219, 3.0, 16.0, 17.0, 3.0, 24.0, 17.0
346, 219, 197, 3.0, 24.0, 17.0, 6.0, 24.0, 17.0
347, 189, 197, 6.0, 16.0, 17.0, 6.0, 24.0, 17.0
348, 197, 220, 6.0, 24.0, 17.0, 9.0, 24.0, 17.0
349, 217, 220, 9.0, 16.0, 17.0, 9.0, 24.0, 17.0
350, 220, 199, 9.0, 24.0, 17.0, 12.0, 24.0, 17.0
351, 191, 199, 12.0, 16.0, 17.0, 12.0, 24.0, 17.0
352, 199, 221, 12.0, 24.0, 17.0, 15.0, 24.0, 17.0
353, 218, 221, 15.0, 16.0, 17.0, 15.0, 24.0, 17.0
354, 221, 201, 15.0, 24.0, 17.0, 18.0, 24.0, 17.0
355, 193, 201, 18.0, 16.0, 17.0, 18.0, 24.0, 17.0
356, 195, 203, 0.0, 24.0, 17.0, 0.0, 32.0, 17.0
357, 203, 222, 0.0, 32.0, 17.0, 3.0, 32.0, 17.0
358, 219, 222, 3.0, 24.0, 17.0, 3.0, 32.0, 17.0
359, 222, 205, 3.0, 32.0, 17.0, 6.0, 32.0, 17.0
360, 197, 205, 6.0, 24.0, 17.0, 6.0, 32.0, 17.0
361, 205, 223, 6.0, 32.0, 17.0, 9.0, 32.0, 17.0
362, 220, 223, 9.0, 24.0, 17.0, 9.0, 32.0, 17.0
363, 223, 207, 9.0, 32.0, 17.0, 12.0, 32.0, 17.0
364, 199, 207, 12.0, 24.0, 17.0, 12.0, 32.0, 17.0
365, 207, 224, 12.0, 32.0, 17.0, 15.0, 32.0, 17.0
366, 221, 224, 15.0, 24.0, 17.0, 15.0, 32.0, 17.0
367, 224, 209, 15.0, 32.0, 17.0, 18.0, 32.0, 17.0
368, 201, 209, 18.0, 24.0, 17.0, 18.0, 32.0, 17.0
369, 171, 226, 0.0, 0.0, 17.0, 0.0, 0.0, 21.0
370, 173, 228, 6.0, 0.0, 17.0, 6.0, 0.0, 21.0
371, 175, 230, 12.0, 0.0, 17.0, 12.0, 0.0, 21.0
372, 177, 232, 18.0, 0.0, 17.0, 18.0, 0.0, 21.0
373, 179, 234, 0.0, 8.0, 17.0, 0.0, 8.0, 21.0
374, 181, 236, 6.0, 8.0, 17.0, 6.0, 8.0, 21.0
375, 183, 238, 12.0, 8.0, 17.0, 12.0, 8.0, 21.0
376, 185, 240, 18.0, 8.0, 17.0, 18.0, 8.0, 21.0
377, 187, 242, 0.0, 16.0, 17.0, 0.0, 16.0, 21.0
378, 189, 244, 6.0, 16.0, 17.0, 6.0, 16.0, 21.0
379, 191, 246, 12.0, 16.0, 17.0, 12.0, 16.0, 21.0
380, 193, 248, 18.0, 16.0, 17.0, 18.0, 16.0, 21.0
381, 195, 250, 0.0, 24.0, 17.0, 0.0, 24.0, 21.0
382, 197, 252, 6.0, 24.0, 17.0, 6.0, 24.0, 21.0
383, 199, 254, 12.0, 24.0, 17.0, 12.0, 24.0, 21.0
384, 201, 256, 18.0, 24.0, 17.0, 18.0, 24.0, 21.0
385, 203, 258, 0.0, 32.0, 17.0, 0.0, 32.0, 21.0
386, 205, 260, 6.0, 32.0, 17.0, 6.0, 32.0, 21.0
387, 207, 262, 12.0, 32.0, 17.0, 12.0, 32.0, 21.0
388, 209, 264, 18.0, 32.0, 17.0, 18.0, 32.0, 21.0
389, 226, 265, 0.0, 0.0, 21.0, 3.0, 0.0, 21.0
390, 226, 234, 0.0, 0.0, 21.0, 0.0, 8.0, 21.0
391, 234, 266, 0.0, 8.0, 21.0, 3.0, 8.0, 21.0
392, 265, 266, 3.0, 0.0, 21.0, 3.0, 8.0, 21.0
393, 228, 265, 6.0, 0.0, 21.0, 3.0, 0.0, 21.0
394, 266, 236, 3.0, 8.0, 21.0, 6.0, 8.0, 21.0
395, 228, 236, 6.0, 0.0, 21.0, 6.0, 8.0, 21.0
396, 228, 267, 6.0, 0.0, 21.0, 9.0, 0.0, 21.0
397, 236, 268, 6.0, 8.0, 21.0, 9.0, 8.0, 21.0
398, 267, 268, 9.0, 0.0, 21.0, 9.0, 8.0, 21.0
399, 230, 267, 12.0, 0.0, 21.0, 9.0, 0.0, 21.0
400, 268, 238, 9.0, 8.0, 21.0, 12.0, 8.0, 21.0
401, 230, 238, 12.0, 0.0, 21.0, 12.0, 8.0, 21.0
402, 230, 269, 12.0, 0.0, 21.0, 15.0, 0.0, 21.0
403, 238, 270, 12.0, 8.0, 21.0, 15.0, 8.0, 21.0
404, 269, 270, 15.0, 0.0, 21.0, 15.0, 8.0, 21.0
405, 232, 269, 18.0, 0.0, 21.0, 15.0, 0.0, 21.0
406, 270, 240, 15.0, 8.0, 21.0, 18.0, 8.0, 21.0
407, 232, 240, 18.0, 0.0, 21.0, 18.0, 8.0, 21.0
408, 234, 242, 0.0, 8.0, 21.0, 0.0, 16.0, 21.0
409, 242, 271, 0.0, 16.0, 21.0, 3.0, 16.0, 21.0
410, 266, 271, 3.0, 8.0, 21.0, 3.0, 16.0, 21.0
411, 271, 244, 3.0, 16.0, 21.0, 6.0, 16.0, 21.0
412, 236, 244, 6.0, 8.0, 21.0, 6.0, 16.0, 21.0
413, 244, 272, 6.0, 16.0, 21.0, 9.0, 16.0, 21.0
414, 268, 272, 9.0, 8.0, 21.0, 9.0, 16.0, 21.0
415, 272, 246, 9.0, 16.0, 21.0, 12.0, 16.0, 21.0
416, 238, 246, 12.0, 8.0, 21.0, 12.0, 16.0, 21.0
417, 246, 273, 12.0, 16.0, 21.0, 15.0, 16.0, 21.0
418, 270, 273, 15.0, 8.0, 21.0, 15.0, 16.0, 21.0
419, 273, 248, 15.0, 16.0, 21.0, 18.0, 16.0, 21.0
420, 240, 248, 18.0, 8.0, 21.0, 18.0, 16.0, 21.0
421, 242, 250, 0.0, 16.0, 21.0, 0.0, 24.0, 21.0
422, 250, 274, 0.0, 24.0, 21.0, 3.0, 24.0, 21.0
423, 271, 274, 3.0, 16.0, 21.0, 3.0, 24.0, 21.0
424, 274, 252, 3.0, 24.0, 21.0, 6.0, 24.0, 21.0
425, 244, 252, 6.0, 16.0, 21.0, 6.0, 24.0, 21.0
426, 252, 275, 6.0, 24.0, 21.0, 9.0, 24.0, 21.0
427, 272, 275, 9.0, 16.0, 21.0, 9.0, 24.0, 21.0
428, 275, 254, 9.0, 24.0, 21.0, 12.0, 24.0, 21.0
429, 246, 254, 12.0, 16.0, 21.0, 12.0, 24.0, 21.0
430, 254, 276, 12.0, 24.0, 21.0, 15.0, 24.0, 21.0
431, 273, 276, 15.0, 16.0, 21.0, 15.0, 24.0, 21.0
432, 276, 256, 15.0, 24.0, 21.0, 18.0, 24.0, 21.0
433, 248, 256, 18.0, 16.0, 21.0, 18.0, 24.0, 21.0
434, 250, 258, 0.0, 24.0, 21.0, 0.0, 32.0, 21.0
435, 258, 277, 0.0, 32.0, 21.0, 3.0, 32.0, 21.0
436, 274, 277, 3.0, 24.0, 21.0, 3.0, 32.0, 21.0
437, 277, 260, 3.0, 32.0, 21.0, 6.0, 32.0, 21.0
438, 252, 260, 6.0, 24.0, 21.0, 6.0, 32.0, 21.0
439, 260, 278, 6.0, 32.0, 21.0, 9.0, 32.0, 21.0
440, 275, 278, 9.0, 24.0, 21.0, 9.0, 32.0, 21.0
441, 278, 262, 9.0, 32.0, 21.0, 12.0, 32.0, 21.0
442, 254, 262, 12.0, 24.0, 21.0, 12.0, 32.0, 21.0
443, 262, 279, 12.0, 32.0, 21.0, 15.0, 32.0, 21.0
444, 276, 279, 15.0, 24.0, 21.0, 15.0, 32.0, 21.0
445, 279, 264, 15.0, 32.0, 21.0, 18.0, 32.0, 21.0
446, 256, 264, 18.0, 24.0, 21.0, 18.0, 32.0, 21.0
447, 226, 281, 0.0, 0.0, 21.0, 0.0, 0.0, 25.0
448, 228, 283, 6.0, 0.0, 21.0, 6.0, 0.0, 25.0
449, 230, 285, 12.0, 0.0, 21.0, 12.0, 0.0, 25.0
450, 232, 287, 18.0, 0.0, 21.0, 18.0, 0.0, 25.0
451, 234, 289, 0.0, 8.0, 21.0, 0.0, 8.0, 25.0
452, 236, 291, 6.0, 8.0, 21.0, 6.0, 8.0, 25.0
453, 238, 293, 12.0, 8.0, 21.0, 12.0, 8.0, 25.0
454, 240, 295, 18.0, 8.0, 21.0, 18.0, 8.0, 25.0
455, 242, 297, 0.0, 16.0, 21.0, 0.0, 16.0, 25.0
456, 244, 299, 6.0, 16.0, 21.0, 6.0, 16.0, 25.0
457, 246, 301, 12.0, 16.0, 21.0, 12.0, 16.0, 25.0
458, 248, 303, 18.0, 16.0, 21.0, 18.0, 16.0, 25.0
459, 250, 305, 0.0, 24.0, 21.0, 0.0, 24.0, 25.0
460, 252, 307, 6.0, 24.0, 21.0, 6.0, 24.0, 25.0
461, 254, 309, 12.0, 24.0, 21.0, 12.0, 24.0, 25.0
462, 256, 311, 18.0, 24.0, 21.0, 18.0, 24.0, 25.0
463, 258, 313, 0.0, 32.0, 21.0, 0.0, 32.0, 25.0
464, 260, 315, 6.0, 32.0, 21.0, 6.0, 32.0, 25.0
465, 262, 317, 12.0, 32.0, 21.0, 12.0, 32.0, 25.0
466, 264, 319, 18.0, 32.0, 21.0, 18.0, 32.0, 25.0
467, 281, 320, 0.0, 0.0, 25.0, 3.0, 0.0, 25.0
468, 281, 289, 0.0, 0.0, 25.0, 0.0, 8.0, 25.0
469, 289, 321, 0.0, 8.0, 25.0, 3.0, 8.0, 25.0
470, 320, 321, 3.0, 0.0, 25.0, 3.0, 8.0, 25.0
471, 283, 320, 6.0, 0.0, 25.0, 3.0, 0.0, 25.0
472, 321, 291, 3.0, 8.0, 25.0, 6.0, 8.0, 25.0
473, 283, 291, 6.0, 0.0, 25.0, 6.0, 8.0, 25.0
474, 283, 322, 6.0, 0.0, 25.0, 9.0, 0.0, 25.0
475, 291, 323, 6.0, 8.0, 25.0, 9.0, 8.0, 25.0
476, 322, 323, 9.0, 0.0, 25.0, 9.0, 8.0, 25.0
477, 285, 322, 12.0, 0.0, 25.0, 9.0, 0.0, 25.0
478, 323, 293, 9.0, 8.0, 25.0, 12.0, 8.0, 25.0
479, 285, 293, 12.0, 0.0, 25.0, 12.0, 8.0, 25.0
480, 285, 324, 12.0, 0.0, 25.0, 15.0, 0.0, 25.0
481, 293, 325, 12.0, 8.0, 25.0, 15.0, 8.0, 25.0
482, 324, 325, 15.0, 0.0, 25.0, 15.0, 8.0, 25.0
483, 287, 324, 18.0, 0.0, 25.0, 15.0, 0.0, 25.0
484, 325, 295, 15.0, 8.0, 25.0, 18.0, 8.0, 25.0
485, 287, 295, 18.0, 0.0, 25.0, 18.0, 8.0, 25.0
486, 289, 297, 0.0, 8.0, 25.0, 0.0, 16.0, 25.0
487, 297, 326, 0.0, 16.0, 25.0, 3.0, 16.0, 25.0
488, 321, 326, 3.0, 8.0, 25.0, 3.0, 16.0, 25.0
489, 326, 299, 3.0, 16.0, 25.0, 6.0, 16.0, 25.0
490, 291, 299, 6.0, 8.0, 25.0, 6.0, 16.0, 25.0
491, 299, 327, 6.0, 16.0, 25.0, 9.0, 16.0, 25.0
492, 323, 327, 9.0, 8.0, 25.0, 9.0, 16.0, 25.0
493, 327, 301, 9.0, 16.0, 25.0, 12.0, 16.0, 25.0
494, 293, 301, 12.0, 8.0, 25.0, 12.0, 16.0, 25.0
495, 301, 328, 12.0, 16.0, 25.0, 15.0, 16.0, 25.0
496, 325, 328, 15.0, 8.0, 25.0, 15.0, 16.0, 25.0
497, 328, 303, 15.0, 16.0, 25.0, 18.0, 16.0, 25.0
498, 295, 303, 18.0, 8.0, 25.0, 18.0, 16.0, 25.0
499, 297, 305, 0.0, 16.0, 25.0, 0.0, 24.0, 25.0
500, 305, 329, 0.0, 24.0, 25.0, 3.0, 24.0, 25.0
501, 326, 329, 3.0, 16.0, 25.0, 3.0, 24.0, 25.0
502, 329, 307, 3.0, 24.0, 25.0, 6.0, 24.0, 25.0
503, 299, 307, 6.0, 16.0, 25.0, 6.0, 24.0, 25.0
504, 307, 330, 6.0, 24.0, 25.0, 9.0, 24.0, 25.0
505, 327, 330, 9.0, 16.0, 25.0, 9.0, 24.0, 25.0
506, 330, 309, 9.0, 24.0, 25.0, 12.0, 24.0, 25.0
507, 301, 309, 12.0, 16.0, 25.0, 12.0, 24.0, 25.0
508, 309, 331, 12.0, 24.0, 25.0, 15.0, 24.0, 25.0
509, 328, 331, 15.0, 16.0, 25.0, 15.0, 24.0, 25.0
510, 331, 311, 15.0, 24.0, 25.0, 18.0, 24.0, 25.0
511, 303, 311, 18.0, 16.0, 25.0, 18.0, 24.0, 25.0
512, 305, 313, 0.0, 24.0, 25.0, 0.0, 32.0, 25.0
513, 313, 332, 0.0, 32.0, 25.0, 3.0, 32.0, 25.0
514, 329, 332, 3.0, 24.0, 25.0, 3.0, 32.0, 25.0
515, 332, 315, 3.0, 32.0, 25.0, 6.0, 32.0, 25.0
516, 307, 315, 6.0, 24.0, 25.0, 6.0, 32.0, 25.0
517, 315, 333, 6.0, 32.0, 25.0, 9.0, 32.0, 25.0
518, 330, 333, 9.0, 24.0, 25.0, 9.0, 32.0, 25.0
519, 333, 317, 9.0, 32.0, 25.0, 12.0, 32.0, 25.0
520, 309, 317, 12.0, 24.0, 25.0, 12.0, 32.0, 25.0
521, 317, 334, 12.0, 32.0, 25.0, 15.0, 32.0, 25.0
522, 331, 334, 15.0, 24.0, 25.0, 15.0, 32.0, 25.0
523, 334, 319, 15.0, 32.0, 25.0, 18.0, 32.0, 25.0
524, 311, 319, 18.0, 24.0, 25.0, 18.0, 32.0, 25.0
