Ch1(mV[1]),Ch2(mV[0.051]),Ch3(mV[0.06]),Ch4(mV[1]),Ch5(mV[1]),Ch6(mV[1]),Ch7(mV[1]),Ch8(mV[1]),Ch9(mV[1]),Ch10(mV[1]),Ch11(mV[1]),Ch12(mV[1]),Ch13(mV[1]),Ch14(mV[1]),Ch15(mV[1]),Ch16(mV[1]),Ch17(uE[0.4762]),Ch18(uE[0.4762]),Ch19(uE[0.4762]),Ch20(uE[0.4762]),08:55:39 ,28/03/2019 
9994.5,0.000,0.000,0.000,0.000,0.000,0.000,0.000,0.000,0.000,0.000,0.000,0.000,0.000,0.000,0.000,0.000,0.000,0.000,0.000, 3.8444010416665E-03 ,
9994.5,0.000,0.000,0.000,0.000,0.000,0.000,0.000,0.000,0.000,0.000,0.000,0.000,0.000,0.000,0.000,0.000,0.000,0.000,0.000, 4.18077256944471E-03 ,
9994.5,0.000,0.000,0.000,0.000,0.000,0.000,0.000,0.000,0.000,0.000,0.000,0.000,0.000,0.000,0.000,0.000,0.000,0.000,0.000, 4.53070746527828E-03 ,
9994.5,0.000,0.000,0.000,0.000,0.000,0.000,0.000,0.000,0.000,0.000,0.000,0.000,0.000,0.000,0.000,0.000,0.000,0.000,0.000, 4.88335503472292E-03 ,
9994.5,0.000,0.000,0.000,0.000,0.000,0.000,0.000,0.000,0.000,0.000,0.000,0.000,0.000,0.000,0.000,0.000,0.000,0.000,0.000, 5.2332899305565E-03 ,
9994.5,0.000,0.000,0.000,0.000,0.000,0.000,0.000,0.000,0.000,0.000,0.000,0.000,0.000,0.000,0.000,0.000,0.000,0.000,0.000, 5.56966145833293E-03 ,
9994.5,0.000,0.000,0.000,0.000,0.000,0.000,0.000,0.000,0.000,0.000,0.000,0.000,0.000,0.000,0.000,0.000,0.000,0.000,0.000, 5.9195963541665E-03 ,
9994.5,0.000,0.000,0.000,0.000,0.000,0.000,0.000,0.000,0.000,0.000,0.000,0.000,0.000,0.000,0.000,0.000,0.000,0.000,0.000, 6.27224392361114E-03 ,
9994.5,0.000,0.000,0.000,0.000,0.000,0.000,0.000,0.000,0.000,0.000,0.000,0.000,0.000,0.000,0.000,0.000,0.000,0.000,0.000, 6.62217881944471E-03 ,
9994.5,0.000,0.000,0.000,0.000,0.000,0.000,0.000,0.000,0.000,0.000,0.000,0.000,0.000,0.000,0.000,0.000,0.000,0.000,0.000, 6.97265625000121E-03 ,
9994.5,0.000,0.000,0.000,0.000,0.000,0.000,0.000,0.000,0.000,0.000,0.000,0.000,0.000,0.000,0.000,0.000,0.000,0.000,0.000, 7.32530381944407E-03 ,
9994.5,0.000,0.000,0.000,0.000,0.000,0.000,0.000,0.000,0.000,0.000,0.000,0.000,0.000,0.000,0.000,0.000,0.000,0.000,0.000, 7.65842013889007E-03 ,
9994.5,0.000,0.000,0.000,0.000,0.000,0.000,0.000,0.000,0.000,0.000,0.000,0.000,0.000,0.000,0.000,0.000,0.000,0.000,0.000, 8.01106770833293E-03 ,
9994.5,0.000,0.000,0.000,0.000,0.000,0.000,0.000,0.000,0.000,0.000,0.000,0.000,0.000,0.000,0.000,0.000,0.000,0.000,0.000, 8.36154513888943E-03 ,
9994.5,0.000,0.000,0.000,0.000,0.000,0.000,0.000,0.000,0.000,0.000,0.000,0.000,0.000,0.000,0.000,0.000,0.000,0.000,0.000, 0.008711480034723 ,
9994.5,-0.017,0.001,0.000,0.000,0.000,0.000,0.000,0.000,0.000,0.000,0.000,0.000,0.000,0.000,0.000,0.667,2.010,0.000,0.000, 9.06412760416764E-03 ,
9994.5,-0.017,-0.011,0.000,0.000,0.000,0.000,0.000,0.000,0.000,0.000,0.000,0.000,0.000,0.000,0.000,0.667,1.338,0.000,42.858, 9.41406250000121E-03 ,
9994.5,-0.017,-0.007,0.000,0.000,0.000,0.000,0.000,0.000,0.000,0.000,0.000,0.000,0.000,0.000,0.000,1.338,1.338,43.334,86.192, 0.009763997395833 ,
9994.1,-0.017,0.017,0.000,0.000,0.000,0.000,0.000,0.000,0.000,0.000,0.000,0.000,0.000,0.000,0.000,0.667,0.667,-42.858,0.000, 1.01003689236112E-02 ,
9994.1,-0.017,0.011,0.000,0.000,0.000,0.000,0.000,0.000,0.000,0.000,0.000,0.000,0.000,0.000,0.000,0.667,0.000,-42.858,42.858, 1.04530164930559E-02 ,
9994.5,-0.017,0.041,0.000,0.000,0.000,0.000,0.000,0.000,0.000,0.000,0.000,0.000,0.000,0.000,0.000,-0.671,0.667,0.000,0.000, 1.08333333333341E-02 ,
9994.5,-0.017,0.046,0.000,0.000,0.000,0.000,0.000,0.000,0.000,0.000,0.000,0.000,0.000,0.000,0.000,-0.671,0.000,0.000,-43.334, 1.11697048611124E-02 ,
9994.5,-0.017,0.027,0.000,0.000,0.000,0.000,0.000,0.000,0.000,0.000,0.000,0.000,0.000,0.000,0.000,-0.671,0.000,-42.858,0.000, 1.15196397569441E-02 ,
9994.5,-0.017,0.038,0.000,0.000,0.000,0.000,0.000,0.000,0.000,0.000,0.000,0.000,0.000,0.000,0.000,-1.343,-0.671,0.000,0.000, 1.18695746527777E-02 ,
9994.1,-0.017,0.036,0.000,0.000,0.000,0.000,0.000,0.000,0.000,0.000,0.000,0.000,0.000,0.000,0.000,0.000,-0.671,0.000,86.192, 1.22222222222224E-02 ,
9994.5,-0.017,0.041,0.000,0.000,0.000,0.000,0.000,0.000,0.000,0.000,0.000,0.000,0.000,0.000,0.000,-0.671,0.667,0.000,42.858, 1.25721571180559E-02 ,
9994.5,-0.017,0.020,0.000,0.000,0.000,0.000,0.000,0.000,0.000,0.000,0.000,0.000,0.000,0.000,0.000,0.667,-0.671,-86.192,-85.716, 1.29085286458341E-02 ,
9994.5,-0.017,0.017,0.000,0.000,0.000,0.000,0.000,0.000,0.000,0.000,0.000,0.000,0.000,0.000,0.000,0.667,0.667,-42.858,0.000, 1.32584635416677E-02 ,
9994.5,-0.017,0.032,0.000,0.000,0.000,0.000,0.000,0.000,0.000,0.000,0.000,0.000,0.000,0.000,0.000,-0.671,3.352,129.050,171.908, 1.36111111111124E-02 ,
9994.5,-0.017,0.023,0.000,0.000,0.000,0.000,0.000,0.000,0.000,0.000,0.000,0.000,0.000,0.000,0.000,0.667,0.667,0.000,0.000, 1.39610460069441E-02 ,
9994.5,-0.017,0.041,0.000,0.000,0.000,0.000,0.000,0.000,0.000,0.000,0.000,0.000,0.000,0.000,0.000,0.000,0.000,0.000,42.858, 1.42974175347224E-02 ,
9994.1,-0.017,0.035,0.000,0.000,0.000,0.000,0.000,0.000,0.000,0.000,0.000,0.000,0.000,0.000,0.000,2.014,2.686,0.000,86.192, 1.46473524305559E-02 ,
9994.5,-0.017,0.032,0.000,0.000,0.000,0.000,0.000,0.000,0.000,0.000,0.000,0.000,0.000,0.000,0.000,0.000,2.010,-42.858,0.000, 1.49972873263895E-02 ,
9994.1,-0.017,0.044,0.000,0.000,0.000,0.000,0.000,0.000,0.000,0.000,0.000,0.000,0.000,0.000,0.000,0.667,1.338,-42.858,0.000, 1.53499348958341E-02 ,
9994.5,-0.017,0.320,0.000,0.000,0.000,0.000,0.000,0.000,0.000,0.000,0.000,0.000,0.000,0.000,0.000,16.767,17.438,-42.858,0.000, 1.57004123263889E-02 ,
9994.5,-0.017,0.359,0.000,0.000,0.000,0.000,0.000,0.000,0.000,0.000,0.000,0.000,0.000,0.000,0.000,15.424,16.091,-42.858,0.000, 1.60503472222224E-02 ,
9994.5,-0.017,0.332,0.000,0.000,0.000,0.000,0.000,0.000,0.000,0.000,0.000,0.000,0.000,0.000,0.000,16.091,15.424,-42.858,0.000, 1.64029947916671E-02 ,
9994.5,-0.017,0.341,0.000,0.000,0.000,0.000,0.000,0.000,0.000,0.000,0.000,0.000,0.000,0.000,0.000,16.767,17.438,0.000,42.858, 1.67388237847224E-02 ,
9994.5,-0.017,0.340,0.000,0.000,0.000,0.000,0.000,0.000,0.000,0.000,0.000,0.000,0.000,0.000,0.000,34.872,36.210,-42.858,42.858, 1.70893012152789E-02 ,
9994.5,-0.017,1.420,0.000,0.000,0.000,0.000,0.000,0.000,0.000,0.000,0.000,0.000,0.000,0.000,0.000,54.320,55.658,-42.858,0.000, 1.74392361111124E-02 ,
9994.5,-0.017,1.650,0.000,0.000,0.000,0.000,0.000,0.000,0.000,0.000,0.000,0.000,0.000,0.000,0.000,80.473,82.483,-42.858,0.000, 1.77918836805553E-02 ,
9994.5,0.066,1.978,0.000,0.000,0.000,0.000,0.000,0.000,0.000,0.000,0.000,0.000,0.000,0.000,0.000,93.221,94.559,0.000,42.858, 1.81418185763889E-02 ,
9994.1,0.066,2.410,0.000,0.000,0.000,0.000,0.000,0.000,0.000,0.000,0.000,0.000,0.000,0.000,0.000,110.655,113.331,-42.858,0.000, 1.84917534722224E-02 ,
9994.5,0.066,2.609,0.000,0.000,0.000,0.000,0.000,0.000,0.000,0.000,0.000,0.000,0.000,0.000,0.000,127.417,129.431,0.000,0.000, 0.018841688368056 ,
9994.5,0.132,3.041,0.000,0.000,0.000,0.000,0.000,0.000,0.000,0.000,0.000,0.000,0.000,0.000,0.000,143.508,148.884,0.000,42.858, 1.91780598958342E-02 ,
9994.5,0.132,3.404,0.000,0.000,0.000,0.000,0.000,0.000,0.000,0.000,0.000,0.000,0.000,0.000,0.000,159.613,163.627,0.000,0.000, 1.95307074652789E-02 ,
9994.5,0.132,3.785,0.000,0.000,0.000,0.000,0.000,0.000,0.000,0.000,0.000,0.000,0.000,0.000,0.000,174.365,179.051,43.334,42.858, 1.98806423611124E-02 ,
9994.5,0.132,4.072,0.000,0.000,0.000,0.000,0.000,0.000,0.000,0.000,0.000,0.000,0.000,0.000,0.000,191.799,195.823,-42.858,0.000, 2.02305772569442E-02 ,
9994.5,0.215,4.435,0.000,0.000,0.000,0.000,0.000,0.000,0.000,0.000,0.000,0.000,0.000,0.000,0.000,206.561,211.919,-42.858,0.000, 2.05837673611118E-02 ,
9994.5,0.215,4.820,0.000,0.000,0.000,0.000,0.000,0.000,0.000,0.000,0.000,0.000,0.000,0.000,0.000,223.324,228.681,0.000,0.000, 2.09337022569454E-02 ,
9994.5,0.215,5.192,0.000,0.000,0.000,0.000,0.000,0.000,0.000,0.000,0.000,0.000,0.000,0.000,0.000,237.410,245.453,-42.858,0.000, 2.12695312500006E-02 ,
9994.5,0.215,5.457,0.000,0.000,0.000,0.000,0.000,0.000,0.000,0.000,0.000,0.000,0.000,0.000,0.000,254.838,263.553,-42.858,0.000, 2.16194661458342E-02 ,
9994.5,0.298,5.831,0.000,0.000,0.000,0.000,0.000,0.000,0.000,0.000,0.000,0.000,0.000,0.000,0.000,270.263,276.967,0.000,-43.334, 2.19694010416678E-02 ,
9994.5,0.281,6.207,0.000,0.000,0.000,0.000,0.000,0.000,0.000,0.000,0.000,0.000,0.000,0.000,0.000,281.663,293.068,-42.858,0.000, 2.23225911458336E-02 ,
9994.5,0.298,6.532,0.000,0.000,0.000,0.000,0.000,0.000,0.000,0.000,0.000,0.000,0.000,0.000,0.000,299.773,308.497,-42.858,42.858, 2.26725260416671E-02 ,
9994.5,0.364,6.965,0.000,0.000,0.000,0.000,0.000,0.000,0.000,0.000,0.000,0.000,0.000,0.000,0.000,316.535,327.935,-42.858,42.858, 2.30224609375007E-02 ,
9994.5,0.364,7.204,0.000,0.000,0.000,0.000,0.000,0.000,0.000,0.000,0.000,0.000,0.000,0.000,0.000,335.316,345.378,-42.858,0.000, 2.33751085069454E-02 ,
9994.5,0.364,7.580,0.000,0.000,0.000,0.000,0.000,0.000,0.000,0.000,0.000,0.000,0.000,0.000,0.000,347.383,360.802,0.000,0.000, 2.37250434027789E-02 ,
9994.5,0.364,7.936,0.000,0.000,0.000,0.000,0.000,0.000,0.000,0.000,0.000,0.000,0.000,0.000,0.000,363.488,375.555,-42.858,-43.334, 2.40749782986107E-02 ,
9994.5,0.447,8.285,0.000,0.000,0.000,0.000,0.000,0.000,0.000,0.000,0.000,0.000,0.000,0.000,0.000,377.569,390.979,0.000,0.000, 2.44113498263889E-02 ,
9994.5,0.447,8.561,0.000,0.000,0.000,0.000,0.000,0.000,0.000,0.000,0.000,0.000,0.000,0.000,0.000,395.675,409.089,0.000,42.858, 2.47639973958336E-02 ,
9994.5,0.447,8.924,0.000,0.000,0.000,0.000,0.000,0.000,0.000,0.000,0.000,0.000,0.000,0.000,0.000,407.070,421.156,-42.858,42.858, 2.51280381944454E-02 ,
9994.5,0.513,9.319,0.000,0.000,0.000,0.000,0.000,0.000,0.000,0.000,0.000,0.000,0.000,0.000,0.000,425.851,439.937,-42.858,-43.334, 2.54638671875007E-02 ,
9994.5,0.496,9.646,0.000,0.000,0.000,0.000,0.000,0.000,0.000,0.000,0.000,0.000,0.000,0.000,0.000,439.266,453.347,-42.858,42.858, 2.58170572916665E-02 ,
9994.5,0.513,10.051,0.000,0.000,0.000,0.000,0.000,0.000,0.000,0.000,0.000,0.000,0.000,0.000,0.000,458.719,474.133,0.000,-43.334, 2.61669921875001E-02 ,
9994.5,0.513,10.317,0.000,0.000,0.000,0.000,0.000,0.000,0.000,0.000,0.000,0.000,0.000,0.000,0.000,468.776,488.219,0.000,42.858, 2.65169270833336E-02 ,
9994.5,0.579,10.586,0.001,0.000,0.000,0.000,0.000,0.000,0.000,0.000,0.000,0.000,0.000,0.000,0.000,487.548,504.320,0.000,42.858, 2.68695746527783E-02 ,
9994.1,0.579,11.032,0.000,0.000,0.000,0.000,0.000,0.000,0.000,0.000,0.000,0.000,0.000,0.000,0.000,504.320,520.415,0.000,-43.334, 2.72195095486119E-02 ,
9994.5,0.579,11.422,0.000,0.000,0.000,0.000,0.000,0.000,0.000,0.000,0.000,0.000,0.000,0.000,0.000,519.744,537.177,43.334,0.000, 2.75558810763901E-02 ,
9994.5,0.646,11.656,0.000,0.000,0.000,0.000,0.000,0.000,0.000,0.000,0.000,0.000,0.000,0.000,0.000,533.820,551.930,0.000,42.858, 2.79058159722219E-02 ,
9994.5,0.662,12.071,0.000,0.000,0.000,0.000,0.000,0.000,0.000,0.000,0.000,0.000,0.000,0.000,0.000,548.582,567.354,0.000,42.858, 2.82557508680554E-02 ,
9994.5,0.662,12.415,0.000,0.000,0.000,0.000,0.000,0.000,0.000,0.000,0.000,0.000,0.000,0.000,0.000,564.007,584.116,0.000,0.000, 2.86083984375001E-02 ,
9994.5,0.662,12.785,0.000,0.000,0.000,0.000,0.000,0.000,0.000,0.000,0.000,0.000,0.000,0.000,0.000,578.759,596.864,0.000,0.000, 2.89583333333336E-02 ,
9994.5,0.745,13.208,0.000,0.000,0.000,0.000,0.000,0.000,0.000,0.000,0.000,0.000,0.000,0.000,0.000,595.526,616.312,43.334,42.858, 2.93082682291672E-02 ,
9994.5,0.745,13.435,0.000,0.000,0.000,0.000,0.000,0.000,0.000,0.000,0.000,0.000,0.000,0.000,0.000,612.293,631.736,-42.858,0.000, 0.029661458333333 ,
9994.5,0.745,13.824,0.000,0.000,0.000,0.000,0.000,0.000,0.000,0.000,0.000,0.000,0.000,0.000,0.000,627.717,648.508,-128.574,42.858, 3.00282118055559E-02 ,
9994.5,0.811,14.189,0.000,0.000,0.000,0.000,0.000,0.000,0.000,0.000,0.000,0.000,0.000,0.000,0.000,643.141,663.256,0.000,0.000, 3.03781467013895E-02 ,
9994.5,0.811,14.585,0.000,0.000,0.000,0.000,0.000,0.000,0.000,0.000,0.000,0.000,0.000,0.000,0.000,660.575,682.033,-42.858,42.858, 3.07139756944448E-02 ,
9994.5,0.811,14.931,0.000,0.000,0.000,0.000,0.000,0.000,0.000,0.000,0.000,0.000,0.000,0.000,0.000,673.990,695.452,43.334,0.000, 3.10639105902784E-02 ,
9994.5,0.811,15.175,0.000,0.000,0.000,0.000,0.000,0.000,0.000,0.000,0.000,0.000,0.000,0.000,0.000,692.771,714.900,0.000,42.858, 3.14138454861119E-02 ,
9994.5,0.877,15.593,0.000,0.000,0.000,0.000,0.000,0.000,0.000,0.000,0.000,0.000,0.000,0.000,0.000,707.524,730.324,43.334,42.858, 3.17670355902777E-02 ,
9994.5,0.877,15.982,0.000,0.000,0.000,0.000,0.000,0.000,0.000,0.000,0.000,0.000,0.000,0.000,0.000,724.957,748.424,0.000,42.858, 3.21169704861113E-02 ,
9994.5,0.877,16.374,0.000,0.000,0.000,0.000,0.000,0.000,0.000,0.000,0.000,0.000,0.000,0.000,0.000,742.391,765.868,-42.858,0.000, 3.24669053819449E-02 ,
9994.5,0.943,16.744,0.000,0.000,0.000,0.000,0.000,0.000,0.000,0.000,0.000,0.000,0.000,0.000,0.000,756.477,780.620,0.000,42.858, 3.28195529513895E-02 ,
9994.5,0.960,17.002,0.000,0.000,0.000,0.000,0.000,0.000,0.000,0.000,0.000,0.000,0.000,0.000,0.000,774.587,799.402,0.000,42.858, 3.31694878472231E-02 ,
9994.5,0.960,17.394,0.000,0.000,0.000,0.000,0.000,0.000,0.000,0.000,0.000,0.000,0.000,0.000,0.000,792.687,818.226,0.000,42.858, 3.35194227430566E-02 ,
9994.5,0.960,17.839,0.000,0.000,0.000,0.000,0.000,0.000,0.000,0.000,0.000,0.000,0.000,0.000,0.000,810.797,834.264,0.000,42.858, 3.38726128472224E-02 ,
9994.5,1.026,18.289,0.000,0.000,0.000,0.000,0.000,0.000,0.000,0.000,0.000,0.000,0.000,0.000,0.000,828.231,851.036,0.000,0.000, 3.42057291666666E-02 ,
9994.5,1.026,18.567,0.000,0.000,0.000,0.000,0.000,0.000,0.000,0.000,0.000,0.000,0.000,0.000,0.000,847.012,872.494,0.000,42.858, 3.45583767361113E-02 ,
9994.5,1.026,19.024,0.000,0.000,0.000,0.000,0.000,0.000,0.000,0.000,0.000,0.000,0.000,0.000,0.000,863.774,887.918,0.000,0.000, 3.49083116319449E-02 ,
9994.1,1.042,19.453,0.000,0.000,0.000,0.000,0.000,0.000,0.000,0.000,0.000,0.000,0.000,0.000,0.000,881.884,908.037,-42.858,0.000, 3.52587890624996E-02 ,
9994.5,1.109,19.886,0.000,0.000,0.000,0.000,0.000,0.000,0.000,0.000,0.000,0.000,0.000,0.000,0.000,901.332,926.147,-42.858,-43.334, 3.56114366319442E-02 ,
9994.1,1.109,20.336,0.000,0.000,0.000,0.000,0.000,0.000,0.000,0.000,0.000,0.000,0.000,0.000,0.000,920.114,946.324,-42.858,-43.334, 3.59472656250013E-02 ,
9994.5,1.109,20.623,0.000,0.000,0.000,0.000,0.000,0.000,0.000,0.000,0.000,0.000,0.000,0.000,0.000,936.885,963.710,-42.858,0.000, 3.62972005208331E-02 ,
9994.5,1.175,21.056,0.000,0.000,0.000,0.000,0.000,0.000,0.000,0.000,0.000,0.000,0.000,0.000,0.000,955.657,981.139,0.000,0.000, 3.66476779513896E-02 ,
9994.1,1.175,21.485,0.000,0.000,0.000,0.000,0.000,0.000,0.000,0.000,0.000,0.000,0.000,0.000,0.000,972.419,1002.601,-42.858,0.000, 3.70003255208342E-02 ,
9994.5,1.175,21.952,0.000,0.000,0.000,0.000,0.000,0.000,0.000,0.000,0.000,0.000,0.000,0.000,0.000,990.529,1016.682,0.000,0.000, 3.73502604166678E-02 ,
9994.5,1.175,22.268,0.000,0.000,0.000,0.000,0.000,0.000,0.000,0.000,0.000,0.000,0.000,0.000,0.000,1010.649,1037.473,-42.858,42.858, 3.77001953124996E-02 ,
9994.5,1.258,22.633,0.000,0.000,0.000,0.000,0.000,0.000,0.000,0.000,0.000,0.000,0.000,0.000,0.000,1030.097,1058.259,0.000,0.000, 3.80528428819442E-02 ,
9994.5,1.258,23.130,0.000,0.000,0.000,0.000,0.000,0.000,0.000,0.000,0.000,0.000,0.000,0.000,0.000,1049.550,1075.031,43.334,0.000, 3.84027777777778E-02 ,
9994.5,1.258,23.495,0.000,0.000,0.000,0.000,0.000,0.000,0.000,0.000,0.000,0.000,0.000,0.000,0.000,1070.336,1098.498,0.000,42.858, 3.87527126736114E-02 ,
9994.5,1.291,24.030,0.000,0.000,0.000,0.000,0.000,0.000,0.000,0.000,0.000,0.000,0.000,0.000,0.000,1088.446,1115.941,-42.858,0.000, 3.90890842013896E-02 ,
9994.5,1.324,24.344,0.000,0.000,0.000,0.000,0.000,0.000,0.000,0.000,0.000,0.000,0.000,0.000,0.000,1108.565,1135.389,0.000,0.000, 3.94390190972231E-02 ,
9994.1,1.324,24.780,0.000,0.000,0.000,0.000,0.000,0.000,0.000,0.000,0.000,0.000,0.000,0.000,0.000,1125.999,1153.490,0.000,42.858, 3.97916666666678E-02 ,
9994.1,1.324,25.181,0.000,0.000,0.000,0.000,0.000,0.000,0.000,0.000,0.000,0.000,0.000,0.000,0.000,1146.785,1172.943,43.334,42.858, 4.01416015624996E-02 ,
9994.5,1.407,25.675,0.000,0.000,0.000,0.000,0.000,0.000,0.000,0.000,0.000,0.000,0.000,0.000,0.000,1164.219,1191.052,-42.858,42.858, 4.04920789930561E-02 ,
9994.5,1.407,25.955,0.000,0.000,0.000,0.000,0.000,0.000,0.000,0.000,0.000,0.000,0.000,0.000,0.000,1182.328,1209.153,-86.192,-43.334, 4.08279079861114E-02 ,
9994.5,1.407,26.393,0.000,0.000,0.000,0.000,0.000,0.000,0.000,0.000,0.000,0.000,0.000,0.000,0.000,1201.781,1228.601,-42.858,-43.334, 0.041180555555556 ,
9994.5,1.456,26.839,0.000,0.000,0.000,0.000,0.000,0.000,0.000,0.000,0.000,0.000,0.000,0.000,0.000,1217.872,1245.368,0.000,0.000, 4.15304904513896E-02 ,
9994.5,1.473,27.269,0.000,0.000,0.000,0.000,0.000,0.000,0.000,0.000,0.000,0.000,0.000,0.000,0.000,1240.011,1264.816,43.334,0.000, 4.18809678819443E-02 ,
9994.5,1.473,27.549,0.000,0.000,0.000,0.000,0.000,0.000,0.000,0.000,0.000,0.000,0.000,0.000,0.000,1255.435,1282.254,-42.858,42.858, 4.22336154513889E-02 ,
9994.5,1.473,27.977,0.000,0.000,0.000,0.000,0.000,0.000,0.000,0.000,0.000,0.000,0.000,0.000,0.000,1276.892,1303.721,43.334,42.858, 4.25835503472225E-02 ,
9994.5,1.539,28.316,0.000,0.000,0.000,0.000,0.000,0.000,0.000,0.000,0.000,0.000,0.000,0.000,0.000,1292.321,1318.474,-42.858,-128.574, 4.29334852430561E-02 ,
9994.1,1.539,24.529,0.000,0.000,0.000,0.000,0.000,0.000,0.000,0.000,0.000,0.000,0.000,0.000,0.000,1121.303,1156.176,0.000,0.000, 4.32861328125007E-02 ,
9994.1,1.539,25.948,0.000,0.000,0.000,0.000,0.000,0.000,0.000,0.000,0.000,0.000,0.000,0.000,0.000,1176.295,1211.172,-42.858,0.000, 4.36197916666679E-02 ,
9994.5,1.556,26.819,0.000,0.000,0.000,0.000,0.000,0.000,0.000,0.000,0.000,0.000,0.000,0.000,0.000,1231.958,1265.487,-42.858,86.192, 0.043986545138889 ,
9994.5,1.622,27.912,0.000,0.000,0.000,0.000,0.000,0.000,0.000,0.000,0.000,0.000,0.000,0.000,0.000,1278.240,1309.755,0.000,42.858, 4.43223741319443E-02 ,
9994.1,1.622,28.927,0.000,0.000,0.000,0.000,0.000,0.000,0.000,0.000,0.000,0.000,0.000,0.000,0.000,1319.145,1350.665,0.000,0.000, 4.46723090277779E-02 ,
9994.5,1.622,29.380,0.000,0.000,0.000,0.000,0.000,0.000,0.000,0.000,0.000,0.000,0.000,0.000,0.000,1337.246,1369.442,0.000,0.000, 4.50249565972225E-02 ,
9994.5,1.688,29.761,0.000,0.000,0.000,0.000,0.000,0.000,0.000,0.000,0.000,0.000,0.000,0.000,0.000,1355.356,1386.209,0.000,0.000, 0.045375434027779 ,
9994.5,1.688,30.272,0.000,0.000,0.000,0.000,0.000,0.000,0.000,0.000,0.000,0.000,0.000,0.000,0.000,1376.818,1407.666,0.000,0.000, 4.57112630208343E-02 ,
9994.5,1.688,30.779,0.000,0.000,0.000,0.000,0.000,0.000,0.000,0.000,0.000,0.000,0.000,0.000,0.000,1398.952,1429.800,-42.858,0.000, 4.60611979166679E-02 ,
9994.5,1.704,31.339,0.000,0.000,0.000,0.000,0.000,0.000,0.000,0.000,0.000,0.000,0.000,0.000,0.000,1423.090,1452.596,-42.858,0.000, 4.64138454861107E-02 ,
9994.1,1.771,31.842,0.000,0.000,0.000,0.000,0.000,0.000,0.000,0.000,0.000,0.000,0.000,0.000,0.000,1442.591,1474.058,-42.858,0.000, 4.67778862847226E-02 ,
9994.5,1.771,32.137,0.000,0.000,0.000,0.000,0.000,0.000,0.000,0.000,0.000,0.000,0.000,0.000,0.000,1464.672,1494.173,-42.858,0.000, 4.71142578125008E-02 ,
9994.5,1.771,32.633,0.000,0.000,0.000,0.000,0.000,0.000,0.000,0.000,0.000,0.000,0.000,0.000,0.000,1482.106,1512.283,-42.858,0.000, 4.74669053819454E-02 ,
9994.1,1.853,33.100,0.000,0.000,0.000,0.000,0.000,0.000,0.000,0.000,0.000,0.000,0.000,0.000,0.000,1504.240,1531.735,0.000,42.858, 4.78309461805555E-02 ,
9994.5,1.853,33.575,0.000,0.000,0.000,0.000,0.000,0.000,0.000,0.000,0.000,0.000,0.000,0.000,0.000,1521.002,1553.193,0.000,0.000, 4.81667751736108E-02 ,
9994.5,1.837,31.484,0.000,0.000,0.000,0.000,0.000,0.000,0.000,0.000,0.000,0.000,0.000,0.000,0.000,1453.939,1484.792,0.000,0.000, 4.85194227430554E-02 ,
9994.5,1.853,32.818,0.000,0.000,0.000,0.000,0.000,0.000,0.000,0.000,0.000,0.000,0.000,0.000,0.000,1502.897,1540.445,0.000,86.192, 4.88699001736119E-02 ,
9994.5,1.920,33.884,0.000,0.000,0.000,0.000,0.000,0.000,0.000,0.000,0.000,0.000,0.000,0.000,0.000,1546.488,1575.322,0.000,0.000, 4.92198350694455E-02 ,
9994.5,1.920,34.385,0.000,0.000,0.000,0.000,0.000,0.000,0.000,0.000,0.000,0.000,0.000,0.000,0.000,1561.912,1595.437,43.334,0.000, 4.95860460069455E-02 ,
9994.1,1.920,34.996,0.000,0.000,0.000,0.000,0.000,0.000,0.000,0.000,0.000,0.000,0.000,0.000,0.000,1588.741,1616.237,-42.858,42.858, 4.99365234375002E-02 ,
9994.5,2.002,35.531,0.000,0.000,0.000,0.000,0.000,0.000,0.000,0.000,0.000,0.000,0.000,0.000,0.000,1610.199,1638.361,-42.858,42.858, 5.02891710069449E-02 ,
9994.5,2.002,35.909,0.000,0.000,0.000,0.000,0.000,0.000,0.000,0.000,0.000,0.000,0.000,0.000,0.000,1633.676,1660.500,-42.858,0.000, 5.06391059027784E-02 ,
9994.5,2.002,36.415,0.000,0.000,0.000,0.000,0.000,0.000,0.000,0.000,0.000,0.000,0.000,0.000,0.000,1657.143,1683.967,0.000,42.858, 0.050989040798612 ,
9994.1,2.002,36.938,0.000,0.000,0.000,0.000,0.000,0.000,0.000,0.000,0.000,0.000,0.000,0.000,0.000,1679.276,1704.763,-42.858,0.000, 5.13416883680566E-02 ,
9994.5,2.069,36.524,0.000,0.000,0.000,0.000,0.000,0.000,0.000,0.000,0.000,0.000,0.000,0.000,0.000,1616.237,1643.728,0.000,-43.334, 5.16916232638902E-02 ,
9994.5,2.069,36.739,0.000,0.000,0.000,0.000,0.000,0.000,0.000,0.000,0.000,0.000,0.000,0.000,0.000,1671.229,1698.720,43.334,42.858, 5.20421006944449E-02 ,
9994.5,2.069,37.505,0.000,0.000,0.000,0.000,0.000,0.000,0.000,0.000,0.000,0.000,0.000,0.000,0.000,1708.787,1737.620,0.000,0.000, 5.23947482638896E-02 ,
9994.5,2.135,38.006,0.000,0.000,0.000,0.000,0.000,0.000,0.000,0.000,0.000,0.000,0.000,0.000,0.000,1728.230,1752.373,0.000,0.000, 5.27446831597231E-02 ,
9994.5,2.151,38.608,0.000,0.000,0.000,0.000,0.000,0.000,0.000,0.000,0.000,0.000,0.000,0.000,0.000,1755.059,1778.526,0.000,42.858, 5.30946180555567E-02 ,
9994.5,2.151,39.143,0.000,0.000,0.000,0.000,0.000,0.000,0.000,0.000,0.000,0.000,0.000,0.000,0.000,1777.188,1800.660,0.000,86.192, 5.34309895833331E-02 ,
9994.5,2.135,39.542,0.000,0.000,0.000,0.000,0.000,0.000,0.000,0.000,0.000,0.000,0.000,0.000,0.000,1799.993,1821.451,-42.858,0.000, 5.37809244791667E-02 ,
9994.5,2.217,40.129,0.000,0.000,0.000,0.000,0.000,0.000,0.000,0.000,0.000,0.000,0.000,0.000,0.000,1822.789,1842.908,0.000,0.000, 5.41335720486114E-02 ,
9994.5,2.217,40.630,0.000,0.000,0.000,0.000,0.000,0.000,0.000,0.000,0.000,0.000,0.000,0.000,0.000,1845.594,1865.037,-42.858,0.000, 5.44835069444449E-02 ,
9994.5,2.217,41.095,0.000,0.000,0.000,0.000,0.000,0.000,0.000,0.000,0.000,0.000,0.000,0.000,0.000,1866.385,1883.814,0.000,0.000, 5.48334418402785E-02 ,
9994.5,2.234,41.496,0.000,0.000,0.000,0.000,0.000,0.000,0.000,0.000,0.000,0.000,0.000,0.000,0.000,1890.528,1909.300,-42.858,0.000, 5.51698133680567E-02 ,
9994.5,2.300,42.037,0.000,0.000,0.000,0.000,0.000,0.000,0.000,0.000,0.000,0.000,0.000,0.000,0.000,1821.451,1838.884,0.000,0.000, 5.55224609374996E-02 ,
9994.5,2.300,40.990,0.000,0.000,0.000,0.000,0.000,0.000,0.000,0.000,0.000,0.000,0.000,0.000,0.000,1874.428,1889.852,-42.858,0.000, 5.58723958333331E-02 ,
9994.5,2.300,42.073,0.000,0.000,0.000,0.000,0.000,0.000,0.000,0.000,0.000,0.000,0.000,0.000,0.000,1913.324,1930.086,-42.858,42.858, 5.62223307291667E-02 ,
9994.5,2.383,42.932,0.000,0.000,0.000,0.000,0.000,0.000,0.000,0.000,0.000,0.000,0.000,0.000,0.000,1947.529,1964.292,0.000,0.000, 5.65749782986114E-02 ,
9994.5,2.383,43.367,0.000,0.000,0.000,0.000,0.000,0.000,0.000,0.000,0.000,0.000,0.000,0.000,0.000,1977.035,1988.435,0.000,0.000, 5.69254557291679E-02 ,
9994.5,2.366,43.983,0.000,0.000,0.000,0.000,0.000,0.000,0.000,0.000,0.000,0.000,0.000,0.000,0.000,2005.878,2015.269,-42.858,0.000, 5.72753906249996E-02 ,
9994.5,2.366,44.665,0.000,0.000,0.000,0.000,0.000,0.000,0.000,0.000,0.000,0.000,0.000,0.000,0.000,2031.360,2040.750,0.000,0.000, 5.76280381944443E-02 ,
9994.5,2.449,45.285,0.000,0.000,0.000,0.000,0.000,0.000,0.000,0.000,0.000,0.000,0.000,0.000,0.000,1983.078,1991.121,-42.858,0.000, 5.79611545138885E-02 ,
9994.5,2.449,44.358,0.000,0.000,0.000,0.000,0.000,0.000,0.000,0.000,0.000,0.000,0.000,0.000,0.000,2033.369,2040.084,-42.858,0.000, 5.83143446180561E-02 ,
9994.5,2.449,45.385,0.000,0.000,0.000,0.000,0.000,0.000,0.000,0.000,0.000,0.000,0.000,0.000,0.000,2070.260,2077.632,-42.858,42.858, 5.86805555555561E-02 ,
9994.5,2.515,44.983,0.000,0.000,0.000,0.000,0.000,0.000,0.000,0.000,0.000,0.000,0.000,0.000,0.000,2053.555,2060.870,0.000,42.858, 5.90304904513896E-02 ,
9994.1,2.515,45.884,0.000,0.000,0.000,0.000,0.000,0.000,0.000,0.000,0.000,0.000,0.000,0.000,0.000,2085.013,2091.718,0.000,0.000, 5.93809678819444E-02 ,
9994.5,2.532,46.531,0.000,0.000,0.000,0.000,0.000,0.000,0.000,0.000,0.000,0.000,0.000,0.000,0.000,2117.199,2120.557,0.000,0.000, 5.97167968749996E-02 ,
9994.5,2.532,46.891,0.000,0.000,0.000,0.000,0.000,0.000,0.000,0.000,0.000,0.000,0.000,0.000,0.000,2151.405,2152.076,0.000,42.858, 6.00667317708332E-02 ,
9994.5,2.598,47.617,0.000,0.000,0.000,0.000,0.000,0.000,0.000,0.000,0.000,0.000,0.000,0.000,0.000,2173.534,2174.201,0.000,42.858, 6.04193793402779E-02 ,
9994.5,2.598,48.235,0.000,0.000,0.000,0.000,0.000,0.000,0.000,0.000,0.000,0.000,0.000,0.000,0.000,2198.344,2195.668,-42.858,42.858, 6.07698567708344E-02 ,
9994.5,2.598,48.812,0.000,0.000,0.000,0.000,0.000,0.000,0.000,0.000,0.000,0.000,0.000,0.000,0.000,2223.159,2221.149,-42.858,0.000, 6.11197916666679E-02 ,
9994.5,2.681,49.345,0.000,0.000,0.000,0.000,0.000,0.000,0.000,0.000,0.000,0.000,0.000,0.000,0.000,2245.964,2241.940,86.192,42.858, 6.14724392361108E-02 ,
9994.5,2.681,49.697,0.000,0.000,0.000,0.000,0.000,0.000,0.000,0.000,0.000,0.000,0.000,0.000,0.000,2270.779,2268.093,0.000,42.858, 6.18082682291679E-02 ,
9994.5,2.681,49.157,0.000,0.000,0.000,0.000,0.000,0.000,0.000,0.000,0.000,0.000,0.000,0.000,0.000,2208.406,2202.373,0.000,42.858, 6.21587456597226E-02 ,
9994.5,2.681,49.349,0.000,0.000,0.000,0.000,0.000,0.000,0.000,0.000,0.000,0.000,0.000,0.000,0.000,2257.364,2252.669,-42.858,0.000, 6.25086805555561E-02 ,
9994.5,2.747,50.379,0.000,0.000,0.000,0.000,0.000,0.000,0.000,0.000,0.000,0.000,0.000,0.000,0.000,2305.651,2298.941,0.000,42.858, 6.28586154513897E-02 ,
9994.1,2.747,50.980,0.000,0.000,0.000,0.000,0.000,0.000,0.000,0.000,0.000,0.000,0.000,0.000,0.000,2323.761,2317.046,43.334,42.858, 6.32112630208344E-02 ,
9994.5,2.747,51.338,0.000,0.000,0.000,0.000,0.000,0.000,0.000,0.000,0.000,0.000,0.000,0.000,0.000,2354.609,2345.223,43.334,42.858, 6.35611979166679E-02 ,
9994.5,2.780,51.946,0.000,0.000,0.000,0.000,0.000,0.000,0.000,0.000,0.000,0.000,0.000,0.000,0.000,2386.129,2374.052,0.000,0.000, 6.39111328124997E-02 ,
9994.5,2.829,52.547,0.000,0.000,0.000,0.000,0.000,0.000,0.000,0.000,0.000,0.000,0.000,0.000,0.000,2411.610,2399.543,0.000,0.000, 6.42643229166673E-02 ,
9994.5,2.829,53.155,0.000,0.000,0.000,0.000,0.000,0.000,0.000,0.000,0.000,0.000,0.000,0.000,0.000,2439.773,2424.348,0.000,0.000, 6.46001519097226E-02 ,
9994.5,2.829,53.450,0.000,0.000,0.000,0.000,0.000,0.000,0.000,0.000,0.000,0.000,0.000,0.000,0.000,2388.805,2375.400,0.000,42.858, 6.49500868055561E-02 ,
9994.5,2.896,52.725,0.000,0.000,0.000,0.000,0.000,0.000,0.000,0.000,0.000,0.000,0.000,0.000,0.000,2439.773,2423.010,86.192,42.858, 6.53000217013897E-02 ,
9994.1,2.896,53.813,0.000,0.000,0.000,0.000,0.000,0.000,0.000,0.000,0.000,0.000,0.000,0.000,0.000,2480.688,2463.249,43.334,0.000, 6.56532118055555E-02 ,
9994.5,2.896,54.299,0.000,0.000,0.000,0.000,0.000,0.000,0.000,0.000,0.000,0.000,0.000,0.000,0.000,2505.493,2487.393,43.334,0.000, 6.60031467013891E-02 ,
9994.1,2.896,54.698,0.000,0.000,0.000,0.000,0.000,0.000,0.000,0.000,0.000,0.000,0.000,0.000,0.000,2537.022,2515.555,43.334,42.858, 6.63389756944444E-02 ,
9994.5,2.962,55.307,0.000,0.000,0.000,0.000,0.000,0.000,0.000,0.000,0.000,0.000,0.000,0.000,0.000,2569.875,2545.732,0.000,0.000, 6.66889105902779E-02 ,
9994.1,2.962,55.857,0.000,0.000,0.000,0.000,0.000,0.000,0.000,0.000,0.000,0.000,0.000,0.000,0.000,2600.723,2573.232,0.000,0.000, 6.70388454861115E-02 ,
9994.5,2.962,56.448,0.000,0.000,0.000,0.000,0.000,0.000,0.000,0.000,0.000,0.000,0.000,0.000,0.000,2632.253,2602.743,-42.858,0.000, 6.73920355902791E-02 ,
9994.5,3.045,56.903,0.000,0.000,0.000,0.000,0.000,0.000,0.000,0.000,0.000,0.000,0.000,0.000,0.000,2666.453,2634.262,-42.858,-43.334, 6.77419704861109E-02 ,
9994.5,3.045,57.329,0.000,0.000,0.000,0.000,0.000,0.000,0.000,0.000,0.000,0.000,0.000,0.000,0.000,2622.191,2585.971,43.334,42.858, 6.80919053819444E-02 ,
9994.5,3.045,56.551,0.000,0.000,0.000,0.000,0.000,0.000,0.000,0.000,0.000,0.000,0.000,0.000,0.000,2671.149,2633.591,0.000,42.858, 6.84445529513891E-02 ,
9994.1,3.045,57.536,0.000,0.000,0.000,0.000,0.000,0.000,0.000,0.000,0.000,0.000,0.000,0.000,0.000,2718.092,2678.525,43.334,171.908, 6.87809244791673E-02 ,
9994.5,3.128,58.363,0.000,0.000,0.000,0.000,0.000,0.000,0.000,0.000,0.000,0.000,0.000,0.000,0.000,2754.312,2707.364,0.000,0.000, 6.91308593750009E-02 ,
9994.5,3.128,58.373,0.000,0.000,0.000,0.000,0.000,0.000,0.000,0.000,0.000,0.000,0.000,0.000,0.000,2789.180,2735.531,-42.858,0.000, 6.94807942708344E-02 ,
9994.1,3.111,58.913,0.000,0.000,0.000,0.000,0.000,0.000,0.000,0.000,0.000,0.000,0.000,0.000,0.000,2827.404,2771.074,-42.858,0.000, 6.98334418402791E-02 ,
9994.1,3.160,59.476,0.000,0.000,0.000,0.000,0.000,0.000,0.000,0.000,0.000,0.000,0.000,0.000,0.000,2874.348,2804.604,0.000,42.858, 7.01671006944444E-02 ,
9994.5,3.194,59.918,0.000,0.000,0.000,0.000,0.000,0.000,0.000,0.000,0.000,0.000,0.000,0.000,0.000,2919.949,2840.143,43.334,86.192, 7.05333116319444E-02 ,
9994.5,3.194,60.320,0.000,0.000,0.000,0.000,0.000,0.000,0.000,0.000,0.000,0.000,0.000,0.000,0.000,2967.569,2877.034,0.000,42.858, 7.08696831597226E-02 ,
9994.5,3.194,60.758,0.000,0.000,0.000,0.000,0.000,0.000,0.000,0.000,0.000,0.000,0.000,0.000,0.000,3017.865,2915.258,0.000,0.000, 7.12364366319456E-02 ,
9994.5,3.260,61.211,0.000,0.000,0.000,0.000,0.000,0.000,0.000,0.000,0.000,0.000,0.000,0.000,0.000,2987.022,2870.324,0.000,42.858, 7.15722656250009E-02 ,
9994.5,3.260,60.415,0.001,0.000,0.000,0.000,0.000,0.000,0.000,0.000,0.000,0.000,0.000,0.000,0.000,3040.004,2921.292,-42.858,0.000, 7.19222005208344E-02 ,
9994.5,3.276,61.442,0.001,0.000,0.000,0.000,0.000,0.000,0.000,0.000,0.000,0.000,0.000,0.000,0.000,3098.343,2968.907,0.000,0.000, 7.22726779513891E-02 ,
9994.5,3.260,61.834,0.001,0.000,0.000,0.000,0.000,0.000,0.000,0.000,0.000,0.000,0.000,0.000,0.000,3161.387,3017.865,0.000,42.858, 7.26253255208338E-02 ,
9994.5,3.343,62.004,0.001,0.000,0.000,0.000,0.000,0.000,0.000,0.000,0.000,0.000,0.000,0.000,0.000,3202.964,3042.680,-42.858,0.000, 7.29752604166674E-02 ,
9994.5,3.343,62.527,0.001,0.000,0.000,0.000,0.000,0.000,0.000,0.000,0.000,0.000,0.000,0.000,0.000,3259.294,3082.919,-42.858,0.000, 7.33251953125009E-02 ,
9994.5,3.343,62.873,0.000,0.000,0.000,0.000,0.000,0.000,0.000,0.000,0.000,0.000,0.000,0.000,0.000,3317.643,3124.496,0.000,0.000, 7.36615668402774E-02 ,
9994.5,3.409,63.140,0.000,0.000,0.000,0.000,0.000,0.000,0.000,0.000,0.000,0.000,0.000,0.000,0.000,3392.754,3179.487,-42.858,0.000, 0.074014214409722 ,
9994.5,3.426,63.581,0.000,0.000,0.000,0.000,0.000,0.000,0.000,0.000,0.000,0.000,0.000,0.000,0.000,3465.855,3229.226,0.000,86.192, 7.43641493055556E-02 ,
9994.5,3.426,63.965,0.001,0.000,0.000,0.000,0.000,0.000,0.000,0.000,0.000,0.000,0.000,0.000,0.000,3541.637,3280.085,-42.858,0.000, 7.47140842013891E-02 ,
9994.5,3.426,64.306,0.001,0.000,0.000,0.000,0.000,0.000,0.000,0.000,0.000,0.000,0.000,0.000,0.000,3614.063,3333.738,-42.858,0.000, 7.50667317708338E-02 ,
9994.5,3.491,64.630,0.000,0.000,0.000,0.000,0.000,0.000,0.000,0.000,0.000,0.000,0.000,0.000,0.000,3693.198,3390.744,-42.858,42.858, 7.54166666666674E-02 ,
9994.5,3.491,64.822,0.001,0.000,0.000,0.000,0.000,0.000,0.000,0.000,0.000,0.000,0.000,0.000,0.000,3770.318,3445.059,-42.858,0.000, 7.57666015625009E-02 ,
9994.5,3.491,65.073,0.001,0.000,0.000,0.000,0.000,0.000,0.000,0.000,0.000,0.000,0.000,0.000,0.000,3852.144,3505.418,0.000,42.858, 7.61197916666667E-02 ,
9994.5,3.558,65.423,0.001,0.000,0.000,0.000,0.000,0.000,0.000,0.000,0.000,0.000,0.000,0.000,0.000,3931.269,3569.129,0.000,-43.334, 7.64697265625003E-02 ,
9994.5,3.574,65.548,0.001,0.000,0.000,0.000,0.000,0.000,0.000,0.000,0.000,0.000,0.000,0.000,0.000,4001.028,3616.072,0.000,-43.334, 7.68196614583339E-02 ,
9994.1,3.574,65.717,0.001,0.000,0.000,0.000,0.000,0.000,0.000,0.000,0.000,0.000,0.000,0.000,0.000,4069.424,3671.064,-42.858,0.000, 7.71723090277785E-02 ,
9994.5,3.574,66.049,0.001,0.000,0.000,0.000,0.000,0.000,0.000,0.000,0.000,0.000,0.000,0.000,0.000,4165.326,3744.837,0.000,42.858, 7.75222439236121E-02 ,
9994.5,3.640,66.343,0.001,0.000,0.000,0.000,0.000,0.000,0.000,0.000,0.000,0.000,0.000,0.000,0.000,4251.837,3811.229,-42.858,86.192, 7.78721788194456E-02 ,
9994.1,3.640,66.579,0.001,0.000,0.000,0.000,0.000,0.000,0.000,0.000,0.000,0.000,0.000,0.000,0.000,4341.711,3881.644,-42.858,0.000, 7.82085503472221E-02 ,
9994.1,3.640,66.876,0.001,0.000,0.000,0.000,0.000,0.000,0.000,0.000,0.000,0.000,0.000,0.000,0.000,4447.670,3967.484,43.334,42.858, 7.85584852430556E-02 ,
9994.1,3.657,67.003,0.001,0.000,0.000,0.000,0.000,0.000,0.000,0.000,0.000,0.000,0.000,0.000,0.000,4549.605,4047.967,0.000,42.858, 7.89111328125003E-02 ,
9994.5,3.723,67.163,0.001,0.000,0.000,0.000,0.000,0.000,0.000,0.000,0.000,0.000,0.000,0.000,0.000,4642.145,4121.740,43.334,0.000, 7.92610677083339E-02 ,
9994.5,3.723,67.375,0.001,0.000,0.000,0.000,0.000,0.000,0.000,0.000,0.000,0.000,0.000,0.000,0.000,4738.057,4198.860,0.000,42.858, 7.96115451388886E-02 ,
9994.5,3.723,67.543,0.001,0.000,0.000,0.000,0.000,0.000,0.000,0.000,0.000,0.000,0.000,0.000,0.000,4839.321,4284.033,0.000,42.858, 7.99641927083332E-02 ,
9994.5,3.789,67.708,0.001,0.000,0.000,0.000,0.000,0.000,0.000,0.000,0.000,0.000,0.000,0.000,0.000,4941.923,4371.211,0.000,0.000, 8.03141276041668E-02 ,
9994.5,3.789,67.891,0.001,0.000,0.000,0.000,0.000,0.000,0.000,0.000,0.000,0.000,0.000,0.000,0.000,5050.568,4461.075,0.000,42.858, 8.06499565972221E-02 ,
9994.5,3.789,68.063,0.001,0.000,0.000,0.000,0.000,0.000,0.000,0.000,0.000,0.000,0.000,0.000,0.000,5142.450,4549.605,0.000,0.000, 8.10004340277786E-02 ,
9994.5,3.822,68.243,0.001,0.000,0.000,0.000,0.000,0.000,0.000,0.000,0.000,0.000,0.000,0.000,0.000,5180.004,4561.001,0.000,0.000, 8.13503689236121E-02 ,
9994.5,3.872,67.652,0.001,0.000,0.000,0.000,0.000,0.000,0.000,0.000,0.000,0.000,0.000,0.000,0.000,5232.986,4611.302,-42.858,42.858, 8.17030164930568E-02 ,
9994.5,3.872,68.117,0.001,0.000,0.000,0.000,0.000,0.000,0.000,0.000,0.000,0.000,0.000,0.000,0.000,5302.725,4674.341,43.334,0.000, 8.20529513888886E-02 ,
9994.5,3.856,68.416,0.001,0.000,0.000,0.000,0.000,0.000,0.000,0.000,0.000,0.000,0.000,0.000,0.000,5387.232,4749.452,0.000,42.858, 8.24028862847221E-02 ,
9994.5,3.938,68.602,0.000,0.000,0.000,0.000,0.000,0.000,0.000,0.000,0.000,0.000,0.000,0.000,0.000,5482.462,4834.625,-42.858,0.000, 8.27392578125004E-02 ,
9994.5,3.938,68.762,0.001,0.000,0.000,0.000,0.000,0.000,0.000,0.000,0.000,0.000,0.000,0.000,0.000,5587.074,4925.160,0.000,42.858, 0.083091905381945 ,
9994.5,3.938,68.855,0.001,0.000,0.000,0.000,0.000,0.000,0.000,0.000,0.000,0.000,0.000,0.000,0.000,5705.114,5039.163,43.334,42.858, 8.34418402777786E-02 ,
9994.5,3.938,68.957,0.001,0.000,0.000,0.000,0.000,0.000,0.000,0.000,0.000,0.000,0.000,0.000,0.000,5817.107,5132.384,-42.858,42.858, 8.37917751736121E-02 ,
9994.5,4.021,69.064,0.001,0.000,0.000,0.000,0.000,0.000,0.000,0.000,0.000,0.000,0.000,0.000,0.000,5939.838,5242.367,-42.858,0.000, 8.41444227430568E-02 ,
9994.1,4.021,69.203,0.001,0.000,0.000,0.000,0.000,0.000,0.000,0.000,0.000,0.000,0.000,0.000,0.000,6058.540,5351.683,0.000,0.000, 8.44949001736115E-02 ,
9994.5,4.021,69.337,0.001,0.000,0.000,0.000,0.000,0.000,0.000,0.000,0.000,0.000,0.000,0.000,0.000,6185.957,5465.024,0.000,42.858, 8.48448350694451E-02 ,
9994.5,4.071,69.434,0.001,0.000,0.000,0.000,0.000,0.000,0.000,0.000,0.000,0.000,0.000,0.000,0.000,6292.588,5566.288,-128.574,-85.716, 8.51974826388897E-02 ,
9994.5,4.087,69.514,0.001,0.000,0.000,0.000,0.000,0.000,0.000,0.000,0.000,0.000,0.000,0.000,0.000,6425.548,5690.357,43.334,0.000, 8.55474175347233E-02 ,
9994.1,4.087,69.660,0.001,0.000,0.000,0.000,0.000,0.000,0.000,0.000,0.000,0.000,0.000,0.000,0.000,6554.812,5809.064,0.000,42.858, 8.58973524305569E-02 ,
9994.5,4.087,69.823,0.001,0.000,0.000,0.000,0.000,0.000,0.000,0.000,0.000,0.000,0.000,0.000,0.000,6679.543,5927.761,0.000,86.192, 8.62499999999997E-02 ,
9994.5,4.170,69.901,0.001,0.000,0.000,0.000,0.000,0.000,0.000,0.000,0.000,0.000,0.000,0.000,0.000,6798.926,6041.768,-86.192,-43.334, 8.65836588541669E-02 ,
9994.5,4.170,69.928,0.001,0.000,0.000,0.000,0.000,0.000,0.000,0.000,0.000,0.000,0.000,0.000,0.000,6877.385,6110.851,0.000,0.000, 8.69363064236115E-02 ,
9994.5,4.170,69.779,0.001,0.000,0.000,0.000,0.000,0.000,0.000,0.000,0.000,0.000,0.000,0.000,0.000,6961.887,6193.333,0.000,42.858, 8.72862413194451E-02 ,
9994.5,4.236,70.076,0.001,0.000,0.000,0.000,0.000,0.000,0.000,0.000,0.000,0.000,0.000,0.000,0.000,7065.160,6290.578,43.334,0.000, 8.76361762152786E-02 ,
9994.5,4.236,70.098,0.001,0.000,0.000,0.000,0.000,0.000,0.000,0.000,0.000,0.000,0.000,0.000,0.000,7202.644,6425.371,0.000,42.858, 8.79725477430569E-02 ,
9994.5,4.236,70.208,0.001,0.000,0.000,0.000,0.000,0.000,0.000,0.000,0.000,0.000,0.000,0.000,0.000,7320.008,6538.712,0.000,42.858, 8.83251953124997E-02 ,
9994.5,4.253,70.264,0.001,0.000,0.000,0.000,0.000,0.000,0.000,0.000,0.000,0.000,0.000,0.000,0.000,7464.202,6678.876,43.334,42.858, 8.86751302083333E-02 ,
9994.1,4.319,70.293,0.001,0.000,0.000,0.000,0.000,0.000,0.000,0.000,0.000,0.000,0.000,0.000,0.000,7596.309,6806.969,-42.858,42.858, 8.90250651041669E-02 ,
9994.5,4.319,70.441,0.001,0.000,0.000,0.000,0.000,0.000,0.000,0.000,0.000,0.000,0.000,0.000,0.000,7739.821,6947.134,-42.858,0.000, 8.93614366319451E-02 ,
9994.5,4.319,70.492,0.001,0.000,0.000,0.000,0.000,0.000,0.000,0.000,0.000,0.000,0.000,0.000,0.000,7872.610,7077.237,-42.858,-43.334, 8.97113715277786E-02 ,
9994.5,4.336,67.720,0.001,0.000,0.000,0.000,0.000,0.000,0.000,0.000,0.000,0.000,0.000,0.000,0.000,7769.336,6971.944,0.000,0.000, 9.00640190972233E-02 ,
9994.5,4.385,68.942,0.001,0.000,0.000,0.000,0.000,0.000,0.000,0.000,0.000,0.000,0.000,0.000,0.000,7839.757,7043.031,-42.858,0.000, 9.04139539930569E-02 ,
9994.5,4.385,69.998,0.001,0.000,0.000,0.000,0.000,0.000,0.000,0.000,0.000,0.000,0.000,0.000,0.000,7909.496,7113.447,0.000,42.858, 9.07503255208333E-02 ,
9994.5,4.385,70.459,0.001,0.000,0.000,0.000,0.000,0.000,0.000,0.000,0.000,0.000,0.000,0.000,0.000,8003.384,7204.654,-86.192,0.000, 9.11002604166669E-02 ,
9994.5,4.468,70.694,0.001,0.000,0.000,0.000,0.000,0.000,0.000,0.000,0.000,0.000,0.000,0.000,0.000,8132.148,7334.756,-42.858,0.000, 9.14529079861115E-02 ,
9994.5,4.468,70.799,0.001,0.000,0.000,0.000,0.000,0.000,0.000,0.000,0.000,0.000,0.000,0.000,0.000,8264.932,7473.121,0.000,0.000, 9.18028428819451E-02 ,
9994.5,4.468,70.828,0.001,0.000,0.000,0.000,0.000,0.000,0.000,0.000,0.000,0.000,0.000,0.000,0.000,8423.873,7634.076,-42.858,0.000, 9.21527777777786E-02 ,
9994.5,4.501,70.882,0.001,0.000,0.000,0.000,0.000,0.000,0.000,0.000,0.000,0.000,0.000,0.000,0.000,8576.114,7786.765,-42.858,42.858, 9.25059678819444E-02 ,
9994.5,4.534,70.948,0.001,0.000,0.000,0.000,0.000,0.000,0.000,0.000,0.000,0.000,0.000,0.000,0.000,8739.746,7953.088,129.050,86.192, 0.092855902777778 ,
9994.1,4.534,70.987,0.001,0.000,0.000,0.000,0.000,0.000,0.000,0.000,0.000,0.000,0.000,0.000,0.000,8892.654,8106.657,86.192,86.192, 9.32058376736116E-02 ,
9994.5,4.534,71.047,0.001,0.000,0.000,0.000,0.000,0.000,0.000,0.000,0.000,0.000,0.000,0.000,0.000,9056.286,8281.032,86.192,42.858, 9.35416666666669E-02 ,
9994.1,4.617,71.142,0.001,0.000,0.000,0.000,0.000,0.000,0.000,0.000,0.000,0.000,0.000,0.000,0.000,9234.675,8451.364,0.000,42.858, 9.38916015625004E-02 ,
9994.5,4.617,71.157,0.001,0.000,0.000,0.000,0.000,0.000,0.000,0.000,0.000,0.000,0.000,0.000,0.000,9403.679,8623.058,0.000,42.858, 0.094244791666668 ,
9994.5,4.617,71.162,0.001,0.000,0.000,0.000,0.000,0.000,0.000,0.000,0.000,0.000,0.000,0.000,0.000,9565.301,8787.357,43.334,42.858, 9.45947265624998E-02 ,
9994.5,4.617,71.261,0.001,0.000,0.000,0.000,0.000,0.000,0.000,0.000,0.000,0.000,0.000,0.000,0.000,9739.000,8965.751,0.000,86.192, 9.49446614583334E-02 ,
9994.5,4.683,71.378,0.001,0.000,0.000,0.000,0.000,0.000,0.000,0.000,0.000,0.000,0.000,0.000,0.000,9909.341,9138.778,43.334,0.000, 9.52804904513886E-02 ,
9994.5,4.700,71.320,0.001,0.000,0.000,0.000,0.000,0.000,0.000,0.000,0.000,0.000,0.000,0.000,0.000,10077.668,9312.477,43.334,42.858, 9.56309678819451E-02 ,
9994.5,4.683,71.398,0.001,0.000,0.000,0.000,0.000,0.000,0.000,0.000,0.000,0.000,0.000,0.000,0.000,10256.724,9496.223,0.000,-43.334, 9.59836154513898E-02 ,
9994.5,4.733,70.780,0.001,0.000,0.000,0.000,0.000,0.000,0.000,0.000,0.000,0.000,0.000,0.000,0.000,10352.636,9592.130,0.000,0.000, 9.63335503472234E-02 ,
9994.5,4.766,71.320,0.001,0.000,0.000,0.000,0.000,0.000,0.000,0.000,0.000,0.000,0.000,0.000,0.000,10461.271,9702.785,-86.192,-43.334, 9.66693793402786E-02 ,
9994.1,4.766,71.488,0.001,0.000,0.000,0.000,0.000,0.000,0.000,0.000,0.000,0.000,0.000,0.000,0.000,10628.936,9875.807,-86.192,-43.334, 9.70361328124998E-02 ,
9994.5,4.766,71.580,0.001,0.000,0.000,0.000,0.000,0.000,0.000,0.000,0.000,0.000,0.000,0.000,0.000,10780.497,10036.758,0.000,42.858, 0.097372504340278 ,
9994.5,4.849,71.600,0.001,0.000,0.000,0.000,0.000,0.000,0.000,0.000,0.000,0.000,0.000,0.000,0.000,10969.619,10231.914,0.000,0.000, 9.77224392361116E-02 ,
9994.1,4.832,71.595,0.001,0.000,0.000,0.000,0.000,0.000,0.000,0.000,0.000,0.000,0.000,0.000,0.000,11143.985,10413.661,-42.858,0.000, 9.80723741319451E-02 ,
9994.5,4.849,71.665,0.001,0.000,0.000,0.000,0.000,0.000,0.000,0.000,0.000,0.000,0.000,0.000,0.000,11330.422,10608.145,0.000,0.000, 9.84250217013898E-02 ,
9994.5,4.849,71.726,0.001,0.000,0.000,0.000,0.000,0.000,0.000,0.000,0.000,0.000,0.000,0.000,0.000,11510.154,10796.587,43.334,42.858, 9.87749565972234E-02 ,
9994.5,4.915,71.738,0.001,0.000,0.000,0.000,0.000,0.000,0.000,0.000,0.000,0.000,0.000,0.000,0.000,11692.562,10985.044,0.000,0.000, 9.91254340277781E-02 ,
9994.5,4.915,71.838,0.001,0.000,0.000,0.000,0.000,0.000,0.000,0.000,0.000,0.000,0.000,0.000,0.000,11888.395,11209.029,0.000,42.858, 9.94612630208334E-02 ,
9994.5,4.915,71.768,0.001,0.000,0.000,0.000,0.000,0.000,0.000,0.000,0.000,0.000,0.000,0.000,0.000,12078.175,11390.775,0.000,0.000, 9.98111979166669E-02 ,
9994.1,4.981,71.872,0.001,0.000,0.000,0.000,0.000,0.000,0.000,0.000,0.000,0.000,0.000,0.000,0.000,12287.417,11609.408,-128.574,-128.574, 0.100163845486112 ,
9994.5,4.981,71.911,0.001,0.000,0.000,0.000,0.000,0.000,0.000,0.000,0.000,0.000,0.000,0.000,0.000,12486.597,11815.965,-42.858,0.000, 0.100514322916666 ,
9994.5,4.997,71.855,0.001,0.000,0.000,0.000,0.000,0.000,0.000,0.000,0.000,0.000,0.000,0.000,0.000,12686.444,12030.569,0.000,42.858, 0.1008642578125 ,
9994.1,4.997,72.001,0.001,0.000,0.000,0.000,0.000,0.000,0.000,0.000,0.000,0.000,0.000,0.000,0.000,12878.919,12229.740,0.000,0.000, 0.101216905381945 ,
9994.1,5.064,71.935,0.001,0.000,0.000,0.000,0.000,0.000,0.000,0.000,0.000,0.000,0.000,0.000,0.000,13084.809,12447.030,-42.858,0.000, 0.101552734375 ,
9994.5,5.064,72.028,0.001,0.000,0.000,0.000,0.000,0.000,0.000,0.000,0.000,0.000,0.000,0.000,0.000,13296.061,12669.687,0.000,42.858, 0.101916775173612 ,
9994.5,5.064,72.113,0.001,0.000,0.000,0.000,0.000,0.000,0.000,0.000,0.000,0.000,0.000,0.000,0.000,13514.685,12901.725,0.000,42.858, 0.102269422743056 ,
9994.5,5.130,72.142,0.001,0.000,0.000,0.000,0.000,0.000,0.000,0.000,0.000,0.000,0.000,0.000,0.000,13704.474,13100.900,0.000,0.000, 0.102605794270834 ,
9994.5,5.130,72.033,0.001,0.000,0.000,0.000,0.000,0.000,0.000,0.000,0.000,0.000,0.000,0.000,0.000,13880.854,13286.661,43.334,0.000, 0.102955729166666 ,
9994.5,5.130,72.208,0.001,0.000,0.000,0.000,0.000,0.000,0.000,0.000,0.000,0.000,0.000,0.000,0.000,14079.363,13497.251,43.334,86.192, 0.1033056640625 ,
9994.5,5.130,72.142,0.001,0.000,0.000,0.000,0.000,0.000,0.000,0.000,0.000,0.000,0.000,0.000,0.000,14287.933,13736.003,0.000,42.858, 0.103658311631945 ,
9994.5,5.213,72.262,0.001,0.000,0.000,0.000,0.000,0.000,0.000,0.000,0.000,0.000,0.000,0.000,0.000,14515.276,13961.327,-42.858,42.858, 0.104008789062501 ,
9994.5,5.213,72.176,0.001,0.000,0.000,0.000,0.000,0.000,0.000,0.000,0.000,0.000,0.000,0.000,0.000,14709.761,14193.255,0.000,42.858, 0.104358723958335 ,
9994.5,5.213,72.281,0.001,0.000,0.000,0.000,0.000,0.000,0.000,0.000,0.000,0.000,0.000,0.000,0.000,14942.456,14415.341,43.334,0.000, 0.104711371527777 ,
9994.1,5.278,72.293,0.001,0.000,0.000,0.000,0.000,0.000,0.000,0.000,0.000,0.000,0.000,0.000,0.000,15159.084,14646.712,0.000,0.000, 0.105061306423611 ,
9994.5,5.278,72.293,0.001,0.000,0.000,0.000,0.000,0.000,0.000,0.000,0.000,0.000,0.000,0.000,0.000,15382.412,14883.450,0.000,0.000, 0.105411241319445 ,
9994.5,5.278,72.293,0.001,0.000,0.000,0.000,0.000,0.000,0.000,0.000,0.000,0.000,0.000,0.000,0.000,15593.645,15107.435,-42.858,0.000, 0.105763888888889 ,
9994.5,5.278,72.320,0.001,0.000,0.000,0.000,0.000,0.000,0.000,0.000,0.000,0.000,0.000,0.000,0.000,15828.378,15360.279,-128.574,-85.716, 0.106113823784723 ,
9994.5,5.362,72.366,0.001,0.000,0.000,0.000,0.000,0.000,0.000,0.000,0.000,0.000,0.000,0.000,0.000,16043.664,15586.945,0.000,42.858, 0.106450195312501 ,
9994.5,5.362,72.454,0.001,0.000,0.000,0.000,0.000,0.000,0.000,0.000,0.000,0.000,0.000,0.000,0.000,16257.592,15819.669,-42.858,42.858, 0.106800130208335 ,
9994.5,5.362,72.425,0.001,0.000,0.000,0.000,0.000,0.000,0.000,0.000,0.000,0.000,0.000,0.000,0.000,16498.349,16077.183,0.000,86.192, 0.107150065104166 ,
9994.1,5.378,72.442,0.001,0.000,0.000,0.000,0.000,0.000,0.000,0.000,0.000,0.000,0.000,0.000,0.000,16728.377,16322.641,86.192,86.192, 0.107502712673611 ,
9994.5,5.428,72.473,0.001,0.000,0.000,0.000,0.000,0.000,0.000,0.000,0.000,0.000,0.000,0.000,0.000,16929.562,16568.755,0.000,0.000, 0.107839084201389 ,
9994.5,5.428,72.544,0.001,0.000,0.000,0.000,0.000,0.000,0.000,0.000,0.000,0.000,0.000,0.000,0.000,17170.991,16796.107,0.000,0.000, 0.108189019097223 ,
9994.5,5.428,72.471,0.001,0.000,0.000,0.000,0.000,0.000,0.000,0.000,0.000,0.000,0.000,0.000,0.000,17399.015,17042.236,43.334,0.000, 0.108538953993056 ,
9994.1,5.511,72.559,0.001,0.000,0.000,0.000,0.000,0.000,0.000,0.000,0.000,0.000,0.000,0.000,0.000,17625.695,17286.346,0.000,42.858, 0.108891601562501 ,
9994.5,5.511,72.617,0.001,0.000,0.000,0.000,0.000,0.000,0.000,0.000,0.000,0.000,0.000,0.000,0.000,17840.962,17518.384,-42.858,0.000, 0.109242078993056 ,
9994.5,5.511,72.561,0.001,0.000,0.000,0.000,0.000,0.000,0.000,0.000,0.000,0.000,0.000,0.000,0.000,18087.767,17785.970,86.192,42.858, 0.109592013888889 ,
9994.5,5.511,72.598,0.001,0.000,0.000,0.000,0.000,0.000,0.000,0.000,0.000,0.000,0.000,0.000,0.000,18319.133,18034.761,-42.858,0.000, 0.109944661458334 ,
9994.5,5.576,72.578,0.001,0.000,0.000,0.000,0.000,0.000,0.000,0.000,0.000,0.000,0.000,0.000,0.000,18551.171,18286.937,0.000,0.000, 0.110294596354167 ,
9994.5,5.576,72.566,0.001,0.000,0.000,0.000,0.000,0.000,0.000,0.000,0.000,0.000,0.000,0.000,0.000,18777.852,18529.032,-42.858,42.858, 0.110644531250001 ,
9994.5,5.576,72.722,0.001,0.000,0.000,0.000,0.000,0.000,0.000,0.000,0.000,0.000,0.000,0.000,0.000,19038.057,18810.029,-42.858,0.000, 0.110994466145835 ,
9994.5,5.643,72.639,0.001,0.000,0.000,0.000,0.000,0.000,0.000,0.000,0.000,0.000,0.000,0.000,0.000,19247.966,19038.724,0.000,0.000, 0.11134765625 ,
9994.5,5.659,72.639,0.001,0.000,0.000,0.000,0.000,0.000,0.000,0.000,0.000,0.000,0.000,0.000,0.000,19494.752,19304.310,0.000,-171.432, 0.111683485243056 ,
9994.5,5.659,72.646,0.001,0.000,0.000,0.000,0.000,0.000,0.000,0.000,0.000,0.000,0.000,0.000,0.000,19730.823,19561.144,0.000,86.192, 0.112033420138889 ,
9994.1,5.659,72.729,0.001,0.000,0.000,0.000,0.000,0.000,0.000,0.000,0.000,0.000,0.000,0.000,0.000,19974.261,19826.054,0.000,0.000, 0.112383355034723 ,
9994.1,5.726,72.722,0.001,0.000,0.000,0.000,0.000,0.000,0.000,0.000,0.000,0.000,0.000,0.000,0.000,20202.966,20072.168,0.000,0.000, 0.112736545138889 ,
9994.5,5.726,72.729,0.001,0.000,0.000,0.000,0.000,0.000,0.000,0.000,0.000,0.000,0.000,0.000,0.000,20430.299,20323.002,0.000,42.858, 0.113086480034722 ,
9994.5,5.726,72.727,0.001,0.000,0.000,0.000,0.000,0.000,0.000,0.000,0.000,0.000,0.000,0.000,0.000,20681.118,20591.955,0.000,42.858, 0.113422309027778 ,
9994.1,5.758,72.716,0.001,0.000,0.000,0.000,0.000,0.000,0.000,0.000,0.000,0.000,0.000,0.000,0.000,20913.156,20844.069,0.000,42.858, 0.113772243923611 ,
9994.5,5.808,72.731,0.001,0.000,0.000,0.000,0.000,0.000,0.000,0.000,0.000,0.000,0.000,0.000,0.000,21168.009,21124.399,0.000,42.858, 0.114122178819445 ,
9994.5,5.808,72.806,0.001,0.000,0.000,0.000,0.000,0.000,0.000,0.000,0.000,0.000,0.000,0.000,0.000,21412.785,21392.656,0.000,42.858, 0.114475368923612 ,
9994.5,5.792,72.806,0.001,0.000,0.000,0.000,0.000,0.000,0.000,0.000,0.000,0.000,0.000,0.000,0.000,21665.609,21662.924,0.000,42.858, 0.114825303819446 ,
9994.5,5.875,72.804,0.001,0.000,0.000,0.000,0.000,0.000,0.000,0.000,0.000,0.000,0.000,0.000,0.000,21895.638,21917.105,0.000,0.000, 0.115175238715278 ,
9994.5,5.875,72.826,0.001,0.000,0.000,0.000,0.000,0.000,0.000,0.000,0.000,0.000,0.000,0.000,0.000,22149.195,22192.058,43.334,0.000, 0.115527886284722 ,
9994.5,5.875,72.897,0.001,0.000,0.000,0.000,0.000,0.000,0.000,0.000,0.000,0.000,0.000,0.000,0.000,22395.262,22459.649,0.000,42.858, 0.1158642578125 ,
9994.5,5.908,72.838,0.001,0.000,0.000,0.000,0.000,0.000,0.000,0.000,0.000,0.000,0.000,0.000,0.000,22619.933,22711.135,0.000,42.858, 0.116214192708334 ,
9994.5,5.957,72.911,0.001,0.000,0.000,0.000,0.000,0.000,0.000,0.000,0.000,0.000,0.000,0.000,0.000,22896.901,23011.575,0.000,0.000, 0.116564127604168 ,
9994.1,5.957,72.868,0.001,0.000,0.000,0.000,0.000,0.000,0.000,0.000,0.000,0.000,0.000,0.000,0.000,23129.691,23265.070,43.334,86.192, 0.116916775173612 ,
9994.1,5.957,72.895,0.001,0.000,0.000,0.000,0.000,0.000,0.000,0.000,0.000,0.000,0.000,0.000,0.000,23367.020,23551.538,0.000,0.000, 0.117266710069446 ,
9994.5,6.024,72.902,0.001,0.000,0.000,0.000,0.000,0.000,0.000,0.000,0.000,0.000,0.000,0.000,0.000,23639.959,23814.400,0.000,86.192, 0.117616644965278 ,
9994.5,6.024,73.004,0.001,0.000,0.000,0.000,0.000,0.000,0.000,0.000,0.000,0.000,0.000,0.000,0.000,23903.530,24103.987,0.000,42.858, 0.117969835069445 ,
9994.1,6.024,72.977,0.001,0.000,0.000,0.000,0.000,0.000,0.000,0.000,0.000,0.000,0.000,0.000,0.000,24138.235,24377.745,0.000,42.858, 0.118319769965279 ,
9994.5,6.056,72.907,0.001,0.000,0.000,0.000,0.000,0.000,0.000,0.000,0.000,0.000,0.000,0.000,0.000,24395.731,24688.803,0.000,42.858, 0.118655598958334 ,
9994.1,6.106,72.962,0.001,0.000,0.000,0.000,0.000,0.000,0.000,0.000,0.000,0.000,0.000,0.000,0.000,24680.198,24967.790,-42.858,0.000, 0.119005533854168 ,
9994.5,6.106,73.598,0.001,0.000,0.000,0.000,0.000,0.000,0.000,0.000,0.000,0.000,0.000,0.000,0.000,25409.713,25799.335,-42.858,0.000, 0.119356011284722 ,
9994.5,6.238,73.327,0.001,0.000,0.000,0.000,0.000,0.000,0.000,0.000,0.000,0.000,0.000,0.000,0.000,26348.803,26840.227,0.000,0.000, 0.119708658854167 ,
9994.5,6.321,73.593,0.001,0.000,0.000,0.000,0.000,0.000,0.000,0.000,0.000,0.000,0.000,0.000,0.000,27534.541,28133.201,0.000,0.000, 0.120044487847222 ,
9994.5,6.404,73.359,0.001,0.000,0.000,0.000,0.000,0.000,0.000,0.000,0.000,0.000,0.000,0.000,0.000,28805.838,29528.133,-42.858,-43.334, 0.120408528645834 ,
9994.5,6.470,73.481,0.001,0.000,0.000,0.000,0.000,0.000,0.000,0.000,0.000,0.000,0.000,0.000,0.000,30023.753,30874.541,0.000,0.000, 0.120744900173612 ,
9994.5,6.553,73.500,0.001,0.000,0.000,0.000,0.000,0.000,0.000,0.000,0.000,0.000,0.000,0.000,0.000,31279.164,32376.990,0.000,42.858, 0.121097547743055 ,
9994.5,6.619,73.495,0.001,0.000,0.000,0.000,0.000,0.000,0.000,0.000,0.000,0.000,0.000,0.000,0.000,32582.737,33814.848,-86.192,-43.334, 0.121447482638889 ,
9994.5,6.702,73.493,0.001,0.000,0.000,0.000,0.000,0.000,0.000,0.000,0.000,0.000,0.000,0.000,0.000,33838.315,35102.454,0.000,0.000, 0.121797417534722 ,
9994.1,6.768,73.566,0.001,0.000,0.000,0.000,0.000,0.000,0.000,0.000,0.000,0.000,0.000,0.000,0.000,35303.016,36738.820,0.000,42.858, 0.122150065104167 ,
9994.5,6.868,73.591,0.001,0.000,0.000,0.000,0.000,0.000,0.000,0.000,0.000,0.000,0.000,0.000,0.000,36767.583,38364.420,0.000,0.000, 0.1225 ,
9994.5,7.000,73.595,0.001,0.000,0.000,0.000,0.000,0.000,0.000,0.000,0.000,0.000,0.000,0.000,0.000,38312.823,40108.102,43.334,42.858, 0.122836371527779 ,
9994.5,7.082,73.510,0.001,0.000,0.000,0.000,0.000,0.000,0.000,0.000,0.000,0.000,0.000,0.000,0.000,39852.583,41830.294,0.000,0.000, 0.123186306423612 ,
9994.1,7.149,73.554,0.001,0.000,0.000,0.000,0.000,0.000,0.000,0.000,0.000,0.000,0.000,0.000,0.000,41606.980,43810.052,0.000,42.858, 0.123536241319444 ,
9994.5,7.231,73.527,0.001,0.000,0.000,0.000,0.000,0.000,0.000,0.000,0.000,0.000,0.000,0.000,0.000,43575.967,46031.178,-42.858,42.858, 0.123888888888889 ,
9994.5,7.298,73.539,0.001,0.000,0.000,0.000,0.000,0.000,0.000,0.000,0.000,0.000,0.000,0.000,0.000,45593.217,48316.700,-42.858,-43.334, 0.124238823784722 ,
9994.1,7.380,73.561,0.001,0.000,0.000,0.000,0.000,0.000,0.000,0.000,0.000,0.000,0.000,0.000,0.000,48173.859,51262.187,-42.858,0.000, 0.1245751953125 ,
9994.5,7.496,73.423,0.001,0.000,0.000,0.000,0.000,0.000,0.000,0.000,0.000,0.000,0.000,0.000,0.000,50690.099,54143.102,-42.858,42.858, 0.124925130208334 ,
9994.5,7.513,73.461,0.001,0.000,0.000,0.000,0.000,0.000,0.000,0.000,0.000,0.000,0.000,0.000,0.000,53898.449,57855.843,-42.858,0.000, 0.125277777777779 ,
9994.5,7.629,73.204,0.001,0.000,0.000,0.000,0.000,0.000,0.000,0.000,0.000,0.000,0.000,0.000,0.000,57106.752,61579.203,-42.858,0.000, 0.125627712673612 ,
9994.1,7.744,73.172,0.001,0.000,0.000,0.000,0.000,0.000,0.000,0.000,0.000,0.000,0.000,0.000,0.000,60610.203,65672.856,-42.858,0.000, 0.125964084201389 ,
9994.5,7.827,72.914,0.001,0.000,0.000,0.000,0.000,0.000,0.000,0.000,0.000,0.000,0.000,0.000,0.000,64537.376,70324.378,0.000,0.000, 0.126314019097222 ,
9994.5,7.910,72.751,0.001,0.000,0.000,0.000,0.000,0.000,0.000,0.000,0.000,0.000,0.000,0.000,0.000,68647.268,75200.285,0.000,0.000, 0.126663953993056 ,
9994.5,7.976,72.563,0.001,0.000,0.000,0.000,0.000,0.000,0.000,0.000,0.000,0.000,0.000,0.000,0.000,73244.979,80726.300,86.192,0.000, 0.1270166015625 ,
9994.1,8.042,72.278,0.001,0.000,0.000,0.000,0.000,0.000,0.000,0.000,0.000,0.000,0.000,0.000,0.000,77906.263,86348.889,0.000,0.000, 0.127367078993055 ,
9994.5,8.125,71.821,0.001,0.000,0.000,0.000,0.000,0.000,0.000,0.000,0.000,0.000,0.000,0.000,0.000,82590.023,92695.730,0.000,0.000, 0.127702907986112 ,
9994.5,8.274,71.595,0.001,0.000,0.000,0.000,0.000,0.000,0.000,0.000,0.000,0.000,0.000,0.000,0.000,88126.753,98892.330,86.192,86.192, 0.128052842881944 ,
9994.5,8.307,71.342,0.001,0.000,0.000,0.000,0.000,0.000,0.000,0.000,0.000,0.000,0.000,0.000,0.000,92815.752,104713.399,43.334,42.858, 0.128402777777778 ,
9994.5,8.423,71.118,0.001,0.000,0.000,0.000,0.000,0.000,0.000,0.000,0.000,0.000,0.000,0.000,0.000,98298.861,111553.869,0.000,0.000, 0.128755967881945 ,
9994.1,8.489,70.592,0.001,0.000,0.000,0.000,0.000,0.000,0.000,0.000,0.000,0.000,0.000,0.000,0.000,103470.727,118013.284,-42.858,42.858, 0.129105902777779 ,
9994.5,8.572,70.334,0.001,0.000,0.000,0.000,0.000,0.000,0.000,0.000,0.000,0.000,0.000,0.000,0.000,108948.407,124977.090,-42.858,-43.334, 0.129441731770834 ,
9994.5,8.638,69.962,0.001,0.000,0.000,0.000,0.000,0.000,0.000,0.000,0.000,0.000,0.000,0.000,0.000,114211.513,131602.937,-42.858,0.000, 0.129791666666668 ,
9994.5,8.721,69.653,0.001,0.000,0.000,0.000,0.000,0.000,0.000,0.000,0.000,0.000,0.000,0.000,0.000,119651.622,138432.597,43.334,0.000, 0.130144856770833 ,
9994.1,8.787,69.042,0.001,0.000,0.000,0.000,0.000,0.000,0.000,0.000,0.000,0.000,0.000,0.000,0.000,91168.719,145723.648,0.000,42.858, 0.130494791666667 ,
9994.5,8.886,68.762,0.001,0.000,0.000,0.000,0.000,0.000,0.000,0.000,0.000,0.000,0.000,0.000,0.000,90755.615,152832.361,86.192,42.858, 0.130844726562501 ,
9994.5,8.936,68.341,0.001,0.000,0.000,0.000,0.000,0.000,0.000,0.000,0.000,0.000,0.000,0.000,0.000,90873.665,160354.178,0.000,42.858, 0.131197374131945 ,
9994.5,9.068,68.030,0.001,0.000,0.000,0.000,0.000,0.000,0.000,0.000,0.000,0.000,0.000,0.000,0.000,91243.815,167977.855,0.000,42.858, 0.131547309027779 ,
9994.5,9.168,67.531,0.001,0.000,0.000,0.000,0.000,0.000,0.000,0.000,0.000,0.000,0.000,0.000,0.000,91565.727,176138.113,43.334,42.858, 0.131897243923612 ,
9994.1,9.234,67.190,0.001,0.000,0.000,0.000,0.000,0.000,0.000,0.000,0.000,0.000,0.000,0.000,0.000,92021.736,189437.998,0.000,0.000, 0.132250434027778 ,
9994.5,9.317,66.581,0.001,0.000,0.000,0.000,0.000,0.000,0.000,0.000,0.000,0.000,0.000,0.000,0.000,92526.031,952625.357,0.000,42.858, 0.132583550347222 ,
9994.5,9.383,66.221,0.001,0.000,0.000,0.000,0.000,0.000,0.000,0.000,0.000,0.000,0.000,0.000,0.000,93024.994,952582.499,-42.858,-43.334, 0.132936197916667 ,
9994.5,9.466,65.713,0.001,0.000,0.000,0.000,0.000,0.000,0.000,0.000,0.000,0.000,0.000,0.000,0.000,93523.956,952539.165,-86.192,-43.334, 0.133286132812501 ,
9994.5,9.548,65.177,0.001,0.000,0.000,0.000,0.000,0.000,0.000,0.000,0.000,0.000,0.000,0.000,0.000,94038.966,952582.499,-42.858,0.000, 0.133636067708334 ,
9994.5,9.680,64.457,0.001,0.000,0.000,0.000,0.000,0.000,0.000,0.000,0.000,0.000,0.000,0.000,0.000,94462.832,952582.499,-42.858,0.000, 0.133972439236112 ,
9994.5,9.697,64.126,0.001,0.000,0.000,0.000,0.000,0.000,0.000,0.000,0.000,0.000,0.000,0.000,0.000,94822.268,952582.499,0.000,-43.334, 0.134325086805555 ,
9994.5,9.830,63.279,0.001,0.000,0.000,0.000,0.000,0.000,0.000,0.000,0.000,0.000,0.000,0.000,0.000,95144.179,952625.357,0.000,0.000, 0.134675021701389 ,
9994.5,9.912,62.464,0.001,0.000,0.000,0.000,0.000,0.000,0.000,0.000,0.000,0.000,0.000,0.000,0.000,95487.567,952668.215,43.334,42.858, 0.135024956597222 ,
9994.5,9.995,61.476,0.001,0.000,0.000,0.000,0.000,0.000,0.000,0.000,0.000,0.000,0.000,0.000,0.000,95793.335,952582.499,0.000,0.000, 0.135361328125001 ,
9994.5,10.061,60.850,0.000,0.000,0.000,0.000,0.000,0.000,0.000,0.000,0.000,0.000,0.000,0.000,0.000,96072.340,952668.215,0.000,42.858, 0.135711263020834 ,
9994.5,10.144,59.792,0.000,0.000,0.000,0.000,0.000,0.000,0.000,0.000,0.000,0.000,0.000,0.000,0.000,96329.869,952582.499,-42.858,0.000, 0.136063910590279 ,
9994.5,10.210,58.782,0.000,0.000,0.000,0.000,0.000,0.000,0.000,0.000,0.000,0.000,0.000,0.000,0.000,96560.684,952582.499,0.000,42.858, 0.136413845486112 ,
9994.5,10.326,57.531,0.000,0.000,0.000,0.000,0.000,0.000,0.000,0.000,0.000,0.000,0.000,0.000,0.000,96775.164,952625.357,43.334,42.858, 0.136750217013889 ,
9994.5,10.359,56.611,0.000,0.000,0.000,0.000,0.000,0.000,0.000,0.000,0.000,0.000,0.000,0.000,0.000,96909.262,952582.499,0.000,0.000, 0.137100151909722 ,
9994.5,10.492,55.030,0.000,0.000,0.000,0.000,0.000,0.000,0.000,0.000,0.000,0.000,0.000,0.000,0.000,96995.121,952582.499,0.000,0.000, 0.137452799479167 ,
9994.5,10.591,53.032,0.000,0.000,0.000,0.000,0.000,0.000,0.000,0.000,0.000,0.000,0.000,0.000,0.000,96995.121,952582.499,0.000,0.000, 0.137816840277779 ,
9994.5,10.657,-0.301,0.000,0.000,0.000,0.000,0.000,0.000,0.000,0.000,0.000,0.000,0.000,0.000,0.000,90245.795,952582.499,-42.858,0.000, 0.138153211805555 ,
9994.5,10.740,-0.293,0.000,0.000,0.000,0.000,0.000,0.000,0.000,0.000,0.000,0.000,0.000,0.000,0.000,89333.872,952625.357,-42.858,0.000, 0.138505859375 ,
9994.5,10.806,-0.297,0.000,0.000,0.000,0.000,0.000,0.000,0.000,0.000,0.000,0.000,0.000,0.000,0.000,88926.150,952625.357,0.000,42.858, 0.138855794270833 ,
9994.5,10.889,-0.286,0.000,0.000,0.000,0.000,0.000,0.000,0.000,0.000,0.000,0.000,0.000,0.000,0.000,88631.001,952625.357,0.000,0.000, 0.139205729166667 ,
9994.5,10.955,-0.272,0.000,0.000,0.000,0.000,0.000,0.000,0.000,0.000,0.000,0.000,0.000,0.000,0.000,88427.140,952625.357,-42.858,0.000, 0.139558376736112 ,
9994.5,11.087,-0.269,0.000,0.000,0.000,0.000,0.000,0.000,0.000,0.000,0.000,0.000,0.000,0.000,0.000,88266.184,952625.357,43.334,86.192, 0.139908311631945 ,
9994.5,11.104,-0.266,0.000,0.000,0.000,0.000,0.000,0.000,0.000,0.000,0.000,0.000,0.000,0.000,0.000,88148.134,952582.499,0.000,42.858, 0.1402587890625 ,
9994.5,11.236,-0.260,0.000,0.000,0.000,0.000,0.000,0.000,0.000,0.000,0.000,0.000,0.000,0.000,0.000,88019.417,952625.357,0.000,42.858, 0.140611436631945 ,
9994.5,11.335,-0.259,0.000,0.000,0.000,0.000,0.000,0.000,0.000,0.000,0.000,0.000,0.000,0.000,0.000,87933.368,952582.499,0.000,42.858, 0.140944552951389 ,
9994.5,11.402,-0.253,0.000,0.000,0.000,0.000,0.000,0.000,0.000,0.000,0.000,0.000,0.000,0.000,0.000,87831.604,952582.499,-42.858,0.000, 0.141297200520833 ,
9994.5,11.484,-0.247,0.000,0.000,0.000,0.000,0.000,0.000,0.000,0.000,0.000,0.000,0.000,0.000,0.000,87745.793,952582.499,-42.858,-43.334, 0.14164767795139 ,
9994.5,11.550,-0.235,0.000,0.000,0.000,0.000,0.000,0.000,0.000,0.000,0.000,0.000,0.000,0.000,0.000,87676.077,952625.357,0.000,42.858, 0.141997612847222 ,
9994.5,11.617,-0.258,0.000,0.000,0.000,0.000,0.000,0.000,0.000,0.000,0.000,0.000,0.000,0.000,0.000,87611.457,952625.357,43.334,86.192, 0.142350260416666 ,
9994.1,11.733,-0.227,0.000,0.000,0.000,0.000,0.000,0.000,0.000,0.000,0.000,0.000,0.000,0.000,0.000,87552.694,952625.357,-42.858,0.000, 0.1427001953125 ,
9994.5,11.848,-0.253,0.000,0.000,0.000,0.000,0.000,0.000,0.000,0.000,0.000,0.000,0.000,0.000,0.000,87504.407,952539.165,0.000,0.000, 0.143050130208334 ,
9994.1,11.898,-0.245,0.000,0.000,0.000,0.000,0.000,0.000,0.000,0.000,0.000,0.000,0.000,0.000,0.000,87461.454,952582.499,0.000,42.858, 0.143386501736112 ,
9994.1,12.014,-0.242,0.000,0.000,0.000,0.000,0.000,0.000,0.000,0.000,0.000,0.000,0.000,0.000,0.000,87413.167,952625.357,86.192,129.050, 0.143739149305556 ,
9994.1,12.080,-0.239,0.000,0.000,0.000,0.000,0.000,0.000,0.000,0.000,0.000,0.000,0.000,0.000,0.000,87380.976,952625.357,-42.858,0.000, 0.14408908420139 ,
9994.5,12.163,-0.233,0.000,0.000,0.000,0.000,0.000,0.000,0.000,0.000,0.000,0.000,0.000,0.000,0.000,87332.689,952625.357,0.000,42.858, 0.144439019097222 ,
9994.5,12.229,-0.216,0.000,0.000,0.000,0.000,0.000,0.000,0.000,0.000,0.000,0.000,0.000,0.000,0.000,87290.022,952625.357,43.334,42.858, 0.144788953993055 ,
9994.5,12.229,-0.215,0.000,0.000,0.000,0.000,0.000,0.000,0.000,0.000,0.000,0.000,0.000,0.000,0.000,87257.593,952539.165,0.000,0.000, 0.1451416015625 ,
9994.5,12.246,-0.218,0.000,0.000,0.000,0.000,0.000,0.000,0.000,0.000,0.000,0.000,0.000,0.000,0.000,87236.164,952582.499,0.000,-43.334, 0.145492078993056 ,
9994.5,12.229,-0.220,0.000,0.000,0.000,0.000,0.000,0.000,0.000,0.000,0.000,0.000,0.000,0.000,0.000,87193.210,952582.499,0.000,0.000, 0.14584201388889 ,
